c. militar sarabia,ca mau,caabiangan,caacupe,caaguazu,caala,caapora,caapucu,caarapo,caba,cabacao,cabacungan,cabacungan,cabadbaran,cabadiangan,cabadiangan,cabagan,cabaiguan,cabalaoangan,cabalawan,cabalitian,cabaluay,caban,cabanas,cabanas,cabanatuan,cabanbanan,cabanbanan,cabanes,cabangahan,cabangahan,cabangan,cabanglasan,cabanillas del campo,cabannes,cabannungan ii,cabano,cabano,cabaret,cabarete,cabaritan,cabarroguis,cabatang,cabatuan,cabatuan,cabay,cabay,cabayangan,cabayaoasan,cabazon,cabcab,cabcaben,cabedelo,cabestany,cabesti,cabeza del buey,cabezon,cabezon de la sal,cabezuela del valle,cabiao,cabiate,cabiguan,cabilao,cabilauan,cabimas,cabin john,cabinda,cabinuangan,cabiraoan,cabitan,cabittaogan,cabo,cabo frio,cabo rojo,cabo san lucas,cabodiongan,cabog,cabognon,cabool,caboolture,cabot,cabourg,cabra,cabra,cabra del santo cristo,cabral,cabras,cabrera,cabrera de mar,cabrerizos,cabrero,cabreuva,cabrican,cabries,cabrils,cabrobo,cabucgayan,cabugao,cabugao,cabugao,cabul-an,cabulay,cabungan,caburan,cabusao,cacabelos,cacador,cacahoatan,cacak,cacalchen,cacalomacan,cacalosuchil,cacao,cacaopera,cacaotepec,cacapava,cacapava do sul,caccamo,cacem,cacequi,caceres,caceres,cachan,cache,cacheu,cachi,cachipay,cachira,cachoeira,cachoeira do sul,cachoeiras de macacu,cachoeirinha,cachoeirinha,cachoeiro de itapemirim,cachon,cachtice,cacica,cacilhas,cacimba de dentro,cacimbinhas,cacinci,cacoal,caconda,caconde,cactus,cactus,cacu,cacule,cadagmayan norte,cadale,cadaques,cadaujac,cadca,caddington,cadelbosco di sopra,cadenazzo,cadenberge,cadenet,cadeo,cadereyta,cadereyta de montes,caderousse,cadillac,cadillac,caditaan,cadiz,cadiz,cadiz,cadiz,cadlan,cadnam,cadolive,cadolzburg,cadoneghe,cadorago,cadreita,cadrete,caen,caergwrle,caerleon,caernarfon,caerphilly,caete,caetes,caetite,cafarnaum,cafasse,cafayate,cafe,cafelandia,cagamotan,cagayan,cagayan de oro,cagbang,cagdianao,caggiano,caglayancerit,cagli,cagliari,cagmanaba,cagnac-les-mines,cagnano varano,cagnes-sur-mer,cagsiay,cagua,caguas,cahaba heights,cahabon,cahir,cahokia,cahors,cahuacan,cahuanuyo,cahul,caianu mic,caianu mic,caiaponia,caiazzo,caibarien,caibiran,caicedonia,caico,caidian,caieiras,caigangan,caijiagang,cailloux-sur-fontaines,caimancito,caimito,cainenii mici,cainta,caipan,cairate,cairneyhill,cairnryan,cairns,cairo,cairo,cairo,cairo montenotte,caissargues,caister-on-sea,caistor,caiuti-sat,caivano,cajabamba,cajahs mountain,cajamar,cajamarca,cajamarca,cajar,cajaruro,cajati,cajazeiras,cajetina,cajibio,cajica,cajimos,cajititlan,cajnice,cajola,cajueiro,cajuru,cajvana,cakirli,cakovec,calaba,calaba,calabaca,calabanga,calabar,calabasa,calabasas,calabazar de sagua,calabozo,calabritto,calabugao,calaca,calachuchi,calaf,calafat,calafell,calafindesti,calahorra,calais,calais,calalzo,calama,calamagui,calamar,calamar,calamba,calamba,calamba,calamba,calamocha,calamonte,calampisauan,calamundingan,calan,calanas,calancuasan norte,calanda,calangain,calangianus,calangute,calantac,calantas,calantas,calaoagan,calapan,calape,calape,calape,calape,calarasi,calarasi,calarasi,calarasi,calarasi,calarca,calascibetta,calasetta,calasgasan,calasiao,calasparra,calatabiano,calatafimi,calatagan,calatagan,calatayud,calatele,calatorao,calatrava,calatrava,calatugas,calau,calauag,calauag,calauan,calaya,calayaan,calbayog city,calbe,calberlah,calbiga,calbuco,calca,calceta,calchaqui,calci,calcinaia,calcinate,calcinato,calcio,calcium,calco,calcot,calcutta,caldararu,caldaro sulla strada del vino,caldas,caldas da rainha,caldas de reis,caldas de vizela,caldas novas,caldelas,calden,calderara di reno,caldercruix,calderitas,caldes de montbui,caldicot,caldiero,caldogno,caldonazzo,caldono,caldwell,caldwell,caldwell,calebasses,caledon,caledonia,caledonia,caledonia,calella,calendario,calendasco,calenzano,calepaan,calera,calera,calera victor rosales,calera y chozas,calerno,calero,caleta de carquin,caleta olivia,caleufu,calexico,calgary,calhoun,calhoun falls,cali,calibutbut,calicut,calidngan,california,california,california,california city,calilayan,calilegua,caliling,calimanesti,calimaya de diaz gonzalez,calimera,calimesa,calimete,calinauan,calinesti,calinesti,calinesti,calinesti-oas,calingasta,calingcuan,calinog,calintaan,calipatria,caliskan,calistoga,calitri,calituban,calixtlahuaca,calizo,calkini,callac,callaguip,callanca,callander,callao,callaway,calle blancos,callenberg,callian,callington,callosa de segura,calmar,calmatuiu,calmeca,calnali,calne,calnic,caloc-an,calolbon,calolziocorte,calomboyan,calongbuyan,calonge,calonne-ricouart,caloto,caloundra,calp,calpulalpan,calsib,caltabellotta,caltagirone,caltanissetta,caltavuturo,caltenco,caltignaga,caltrano,calubcub dos,calug norte,calugareni,caluire-et-cuire,calumboyan,calumet city,calumet park,calumpang,calumpang,calumpang,calumpang,calumpang,calumpit,caluquembe,calusco dadda,caluso,calvagese della riviera,calvello,calvenzano,calvert city,calverton,calverton,calvi,calvi,calvia,calvillo,calvini,calvinia,calvisano,calvisson,calvizzano,calw,cam pha mines,cam ranh,cama juan,camabatela,camacari,camacha,camacha,camachile,camacupa,camaguey,camaiore,camajuani,camaley,camaligan,camalobalo,camalu,camambugan,camamu,camana,camanche,camandag,camanducaia,camangcamang,camano,camapua,camaqua,camara de lobos,camarasu,camarate,camarena,camaret-sur-aigues,camaret-sur-mer,camargo,camargo,camargo,camarillo,camarinas,camarma de esteruelas,camarzana,camas,camas,camas,camastra,camayenne,cambados,cambanay,cambanugoy,cambara,cambe,cambebba,camberley,camberwell,cambiago,cambiano,cambil,cambita garabitos,camblanes-et-meynac,cambo-les-bains,camborne,cambrai,cambre,cambria,cambrian park,cambridge,cambridge,cambridge,cambridge,cambridge,cambridge,cambridge,cambridge,cambridge,cambridge springs,cambrils,cambronne-les-ribecourt,cambuci,cambuga,cambui,cambuquira,camburg,camden,camden,camden,camden,camden,camden,camden,camden,camden,camden,camden haven,camden town,camdenton,camenca,camerano,cameri,camerino,cameron,cameron,cameron park,cameron park,cameron park colonia,camerota,cameta,camiers,camiling,camilla,camillas,camilo aldao,caminauit,camindangan,camingawan,camiri,camisano vicentino,camlachie,camlidere,cammarata,cammeray,camminghaburen,camoapa,camocim,camocim de sao felix,camogli,camohaguin,camon,camorino,camors,camp de masque,camp diable,camp flora,camp hill,camp ithier,camp lake,camp pendleton north,camp pendleton south,camp springs,camp swift,camp thorel,camp verde,campagna,campagna lupia,campagnano di roma,campagnatico,campagnola emilia,campamento,campana,campana,campanario,campanario,campanet,campanha,campani de pomezeu,campanilla,campbell,campbell,campbell,campbell,campbell river,campbellsport,campbellsville,campbellton,campbelltown,campbelltown,campbelltown,campbeltown,campbon,campdevanol,campeche,campechuela,campegine,campello sul clitunno,campeni,camperdown,campestre,campi bisenzio,campi salentina,campia turzii,campiglia marittima,campillo de arenas,campillos,campina grande,campina grande do sul,campina verde,campinas,campinas,campione ditalia,campli,campo,campo,campo,campo alegre,campo belo,campo calabro,campo de caso,campo de criptana,campo de la cruz,campo di trens,campo do brito,campo formoso,campo gallo,campo gobierno,campo grande,campo grande,campo grande,campo largo,campo largo,campo ligure,campo maior,campo maior,campo mourao,campo nellelba,campo quijano,campo ramon,campo real,campo rico,campo san martino,campo sesenta,campo tures,campo verde,campo viera,campoalegre,campobasso,campobello di licata,campobello di mazara,campodarsego,campodipietra,campodoro,campofelice di roccella,campoformido,campofranco,campogalliano,campolongo maggiore,campomarino,campomorone,camponaraya,camponogara,camporeale,camporgiano,camporosso,camporotondo etneo,campos,campos altos,campos belos,campos del rio,campos do jordao,campos gerais,campos novos,campos sales,camposampiero,camposano,camposanto,campoverde,campoyo,camprodon,campsall,campulung moldovenesc,campurile de jos,campusong,camrose,camudmud,camugnano,camuy,can,can duoc,can gio,can tho,can-asujan,can-avid,canaan,canacona,canada de gomez,canada rosal,canadian,canadian lakes,canajoharie,canakkale,canal fulton,canal winchester,canala,canale,canale monterano,canalete,canals,canals,canaman,canan,canandaigua,cananea,cananeia,canaoalan,canar,canarana,canaro,canas,canasgordas,canastota,canatlan,canauay,canaveral,canavieiras,canayan,canazas,canberra,canby,cancale,canchungo,cancuc,cancun,candaba,candabong,candarave,candarli,candating,cande,candela,candelaria,candelaria,candelaria,candelaria,candelaria,candelaria,candelaria,candelaria,candelaria,candelaria,candelaria arenas,candelaria de la frontera,candeleda,candelo,candi prambanan,candia,candiac,candiana,candide,candido de abreu,candido mendes,candido mota,candiis,candijay,candiolo,candler-mcafee,candolim,candon,candoni,candoso,cane,canecas,canegrate,canejan,canela,canelas,canelli,canelones,canena,canepina,canet de mar,canet den berenguer,canet-en-roussillon,canete,canete de las torres,canete la real,caneva,caney,canfield,canford heath,cangas,cangas de onis,cangas del narcea,canguaretama,cangucu,cangzhou,canhandugan,canhaway,canhotinho,canical,canicatti,canicattini bagni,canico,canidelo,caniles,canillas de aceituno,canillo,caninde,caninde de sao francisco,caningay,canino,canisteo,canitas de felipe pescador,canjulao,cankaya,cankuzo,canlaon,canmaya diot,canmore,cannanore,cannara,cannes,cannes-ecluse,canneto sulloglio,canning,canning vale,cannington,cannock,cannon air force base,cannon falls,canoa,canoas,canoas,canohes,canoinhas,canomoy,canon,canon city,canonica dadda,canonsburg,canora,canosa di puglia,canovanas,canovelles,canoves i samalus,canowindra,canroma,cansahcab,cansilayan,cansolungon,cansuje,canta,cantagallo,cantagallo,cantagalo,cantalejo,cantalice,cantalupa,cantanhede,cantanhede,cantao-an,cantapoy,cantaura,cantel,cantel,canteleu,cantello,cantemir,cantenay-epinard,canterbury,canterbury,canterbury,canterbury,canterwood,cantiano,cantilan,cantillana,canto do buriti,canton,canton,canton,canton,canton,canton,canton,canton,canton,canton,canton,canton,cantoria,cantoria,cantu,canturay,canubing no 2,canutama,canutillo,cany-barville,canyon,canyon lake,canyon lake,canyon rim,canzo,cao bang,cao lanh,caoayan,caohe,caorle,caorso,cap malheureux,cap-haitien,cap-sante,capaccio,capaci,capacuaro,capaga,capalayan,capalbio,capalna,capalnita,capalonga,capandanan,capanema,capannoli,capannori,capao bonito,capao da canoa,caparica,caparrapi,caparroso,capas,capayan,capbreton,capdepera,cape canaveral,cape carteret,cape coast,cape coral,cape girardeau,cape may,cape may court house,cape neddick,cape saint claire,cape town,capel,capel saint mary,capela,capela,capela do alto,capelinha,capellades,capellania,capelle aan den ijssel,capelle-west,capena,capestang,capesterre-belle-eau,capiago intimiano,capiata,capiibary,capilla de guadalupe,capilla del monte,capim grosso,capinopolis,capinota,capinzal,capiovi,capira,capissayan,capistrello,capitan bado,capitan bermudez,capitan miranda,capitan ramon,capitan solari,capitanejo,capitanejo,capitao poco,capitignano,capitol heights,capitola,capivari,capizzi,capleni,capljina,capo di ponte,capo dorlando,capodrise,capoeiras,capoliveri,capolona,capoocan,caposele,capoterra,cappella maggiore,cappelle sul tavo,cappelle-en-pevele,cappelle-la-grande,cappeln,capraia e limite,capralba,capranica,caprarica di lecce,caprarola,capreni,capri,capri leone,capriano del colle,capriate san gervasio,capriglia irpina,caprino bergamasco,caprino veronese,capriolo,captain cook,capua,capucnasan,capul,capula,capulaan,capulhuac,capuluan,capurso,capusu mare,capuy,caqueza,carabalan,caraballeda,caracal,caracal,caracas,caracoli,caracuaro,caraffa di catanzaro,caraga,caraglio,caraguatatuba,caraguatay,carahue,carai,caramagna piemonte,caraman,caramanico terme,caramanta,caramay,carambei,caramoan,caramoran,caramutan,caranan,carandai,carangola,caranguejeira,caransebes,carantec,carapegua,carapelle,carapicuiba,carapur,caras,carasco,carasova,carate brianza,caratinga,carauari,caraubas,caraula,caravaca,caravaggio,caravate,carayao,caraycaray,caraycayon,carazinho,carbajosa de la sagrada,carballo,carbognano,carbon cliff,carbon hill,carbon-blanc,carbonara di nola,carbonate,carbondale,carbondale,carbondale,carbonear,carbonera,carboneras,carbonero el mayor,carbonia,carbonne,carcabuey,carcaixent,carcaliu,carcar,carcarana,carcare,carcassonne,carcastillo,carcavelos,carcer,carces,carcroft,cardano al campo,cardedeu,cardenas,cardenas,cardenas,cardenden,cardeto,cardiff,cardiff,cardinale,cardington,cardito,cardona,cardona,cardona,cardona,cardonal,cardoso,cardston,carefree,carei,careiro da varzea,carencro,carentan,carentoir,carepa,careri,careva cuprija,carey,carhaix-plouguer,carhuamayo,carhuaz,cariamanga,carianos,cariati,caribou,carice,caridad,caridad,carig,carigara,carignan,carignan,carignan-de-bordeaux,carignano,carimate,carinaro,carindale,carinena,caringbah,caringin,carinhanha,carini,carino,carinola,carira,carire,caririacu,carl junction,carlagan,carlazzo,carle place,carlentini,carles,carlet,carleton,carleton place,carleton-sur-mer,carletonville,carlibaba,carligele,carlin,carling,carlingford,carlino,carlinville,carlisle,carlisle,carlisle,carlisle,carlisle,carlisle,carlisle,carloforte,carlogani,carlos a. carrillo,carlos barbosa,carlos chagas,carlos fonseca amador,carlosama,carlow,carlsbad,carlsbad,carlsberg,carlstadt,carlton,carluke,carlyle,carlyss,carmagnola,carman,carmarthen,carmaux,carmel,carmel,carmel,carmel hamlet,carmel valley village,carmel-by-the-sea,carmelo,carmelo,carmelo,carmen,carmen,carmen,carmen,carmen,carmen,carmen,carmen,carmen de apicala,carmen de carupa,carmen de viboral,carmen del parana,carmen grande,carmi,carmiano,carmichael,carmignano,carmignano di brenta,carmo,carmo do cajuru,carmo do paranaiba,carmo do rio claro,carmo do rio verde,carmona,carmona,carnac,carnaiba,carnarvon,carnarvon,carnate,carnaxide,carnegie,carnegie,carney,carneys point,carnforth,carnot,carnot-moon,carnota,carnoules,carnoustie,carnoux-en-provence,caro,carobbio degli angeli,carol city,carol stream,carolei,carolina,carolina,carolina,carolina beach,carolina shores,caroline springs,caromatan,caromb,caronia,caronno pertusella,caronno varesino,caronoan west,carora,carosino,carot,carouge,carovigno,carpaneto piacentino,carpen,carpenedolo,carpenter,carpentersville,carpentras,carpi,carpiano,carpignano salentino,carpignano sesia,carpina,carpinet,carpineti,carpineto romano,carpinis,carpino,carpinteria,carpiquet,carquefou,carqueiranne,carrabelle,carracedelo,carral,carranglan,carranque,carrara,carrascal,carrboro,carre,carrefour,carregado,carregal do sal,carrena,carrick-on-shannon,carrick-on-suir,carrickfergus,carrickmacross,carriedo,carriedo,carrieres-sous-poissy,carrieres-sur-seine,carrigaline,carrillos,carrington,carrion de calatrava,carrion de los cespedes,carrion de los condes,carrizal,carrizales,carrizo de la ribera,carrizo springs,carroll,carroll valley,carrollton,carrollton,carrollton,carrollton,carrollton,carrollton,carrollton,carrollton,carrollwood,carrollwood village,carros,carru,carry-le-rouet,carryduff,carsamba,carsoli,carson,carson,carson city,carstairs,carta,cartagena,cartagena,cartagena,cartagena,cartagena del chaira,cartago,cartago,cartama,cartaxo,cartaya,cartelle,carter lake,carteret,cartersville,carterton,carterville,cartes,carthage,carthage,carthage,carthage,carthage,carthage,carthage,carthage,carthage,cartigliano,cartoceto,cartoceto,cartura,caruaru,carugo,carupano,caruray,carusucan,carutapera,caruthers,caruthersville,carvalhosa,carver,carver,carver ranches,carvico,carvin,carvoeira,carvoeiro,cary,cary,caryville,casa branca,casa conejo,casa de oro-mount helix,casa grande,casa quemada,casabermeja,casablanca,casabona,casacalenda,casagiove,casal di principe,casal fiumanese,casal velino,casala-an,casalbordino,casalbuttano,casale corte cerro,casale di scodosia,casale litta,casale monferrato,casale sul sile,casalecchio di reno,casaleone,casaletto lodigiano,casalgrande,casalincontrada,casalmaggiore,casalmaiocco,casalmoro,casalnuovo di napoli,casalnuovo monterotaro,casaloldo,casalpusterlengo,casalserugo,casaluce,casalvecchio di puglia,casalvieri,casamarciano,casamassima,casambalangan,casamicciola terme,casandrino,casapesenna,casapulla,casar de caceres,casarabonela,casarano,casares,casariche,casarrubios del monte,casarrubuelos,casarsa della delizia,casarza ligure,casas adobes,casas grandes,casas ibanez,casasimarro,casatenovo,casavatore,casay,casay,casazza,cascade,cascade valley,cascais,cascas,cascavel,cascavel,cascavelle,cascia,casciago,casciana terme,cascina,cascioarele,casei gerola,caseiu,casekow,caselette,casella,caselle in pittari,caselle lurani,caselle torinese,casenove,caseros,caserta,casey,caseyville,cashel,cashmere,casian,casier,casiguran,casilda,casillas,casimcea,casimiro castillo,casimiro de abreu,casin,casina,casino,casinos,casirate dadda,casirile,casisang,caska,caslano,caslav,casnate con bernate,casnigo,casola di napoli,casola valsenio,casole bruzio,casole delsa,casoli,casorate primo,casorate sempione,casorezzo,casoria,caspe,casper,cass city,cassa de la selva,cassacco,cassago brianza,cassanayan,cassano al ionio,cassano dadda,cassano delle murge,cassano magnago,cassel,casselberry,casselman,casselton,casseneuil,cassia,cassilandia,cassina depecchi,cassina rizzardi,cassine,cassino,cassis,cassola,cassolnovo,cassville,castagnaro,castagneto carducci,castagnole lanze,castaic,castalla,castanas,castandiello,castanet-tolosan,castanhal,castanheira de pera,castanheira do ribatejo,castano primo,castanos,castanuelas,casteggio,castegnato,castegnero,castejon,castel bolognese,castel dario,castel dazzano,castel del piano,castel di casio,castel di iudica,castel di lama,castel di sangro,castel focognano,castel gandolfo,castel giorgio,castel goffredo,castel guelfo di bologna,castel madama,castel maggiore,castel mella,castel morrone,castel ritaldi,castel rozzone,castel san giorgio,castel san giovanni,castel san lorenzo,castel san niccolo,castel san pietro,castel san pietro terme,castel santelia,castel viscardo,castel volturno,castelbelforte,castelbellino,castelbello-ciardes - kastelbell-tschars,castelbuono,castelcivita,castelcovati,casteldaccia,castelfidardo,castelfiorentino,castelforte,castelfranci,castelfranco di sopra,castelfranco di sotto,castelfranco emilia,castelfranco veneto,castelfrentano,castelginest,castelgomberto,casteljaloux,castell-platja daro,castellabate,castellalfero,castellalto,castellammare del golfo,castellammare di stabia,castellamonte,castellana grotte,castellana sicula,castellaneta,castellanza,castellar de la frontera,castellar de santiago,castellar del valles,castellarano,castellarquato,castellazzo bormida,castellbisbal,castelldefels,castelleone,castellet,castelletto sopra ticino,castelli,castellina in chianti,castelliri,castello dargile,castello de la plana,castello de rugat,castello dempuries,castello di brianza,castello di cisterna,castello di fiemme,castello di godego,castellucchio,castelluccio dei sauri,castelluccio inferiore,castellumberto,castelmassa,castelmauro,castelmaurou,castelnau-de-medoc,castelnau-destretefonds,castelnau-le-lez,castelnaudary,castelnovo bariano,castelnovo di sotto,castelnovo nemonti,castelnuovo berardenga,castelnuovo cilento,castelnuovo del garda,castelnuovo di garfagnana,castelnuovo di magra,castelnuovo di porto,castelnuovo di val di cecina,castelnuovo don bosco,castelnuovo rangone,castelnuovo scrivia,castelo,castelo branco,castelo de vide,castelo do piaui,casteloes de cepeda,castelplanio,castelraimondo,castelrotto,castelsardo,castelsarrasin,casteltermini,castelu,castelveccana,castelvenere,castelverde,castelvetrano,castelvetro di modena,castelvetro piacentino,castenaso,castenedolo,castets,castiglion fibocchi,castiglion fiorentino,castiglione cosentino,castiglione dadda,castiglione dei pepoli,castiglione del lago,castiglione della pescaia,castiglione delle stiviere,castiglione di sicilia,castiglione dorcia,castiglione in teverina,castiglione messer marino,castiglione messer raimondo,castiglione olona,castiglione torinese,castignano,castilblanco de los arroyos,castilho,castilla,castilleja de guzman,castilleja de la cuesta,castillejos,castillo,castillo,castillo de locubin,castillo de teayo,castillos,castione della presolana,castions di strada,castle cary,castle donington,castle douglas,castle hill,castle hills,castle pines,castle point,castle rock,castle rock,castle shannon,castlebar,castleblayney,castlecrag,castledawson,castlederg,castleford,castlegar,castleisland,castlemaine,castlereagh,castleside,castlewellan,castlewood,castlewood,casto,castorano,castra-nova,castrelo de mino,castres,castrezzato,castri di lecce,castricum,castries,castries,castrignano degreci,castrignano del capo,castril,castrillon,castro,castro,castro,castro,castro alves,castro barros,castro daire,castro dei volsci,castro del rio,castro marim,castro valley,castro verde,castro-urdiales,castrocielo,castrofilippo,castrolibero,castronuovo di sicilia,castrop-rauxel,castroreale,castroverde,castrovillari,castroville,castroville,castuera,casupa,cata,catabangan,catablan,catabola,catacaos,catacocha,catadau,cataguases,cataingan,catalao,catalca,catalhoeyuek,catalina,catalina,catalina foothills,catamayo,catanauan,catanduva,catania,catano,catanzaro,catarama,catarina,catarina,catarman,catarman,catarman,catarroja,catasauqua,catayuan,catazaja,catbalogan,cateasca,cateel,catemaco,catenanuova,catende,caterham,caterman,cathcart,cathedral city,catia la mar,caticlan,caticugan,catina,catina,catio,cativa,catlin,catmon,catmon,catmondaan,cato,catoira,catole do rocha,caton,catonsville,catoosa,catral,catriel,catrilo,catrine,catskill,cattenom,catterall,catterick,catterick garrison,cattolica,cattolica eraclea,catu,catubig,catuday,catumbela,catungan,catungawan sur,cauas,cauayan,caucaguita,caucaguito,caucaia,caucasia,caucel,caucete,cauchy-a-la-tour,caudan,caudebec-en-caux,caudebec-les-elbeuf,caudete,caudry,cauffry,caulfield,caulfield north,caulfield south,caulnes,caulonia,caumont-sur-durance,cauquenes,causeni,causip,caussade,causwagan,cautano,caux,caux,cava detirreni,cava manara,cavadinesti,cavaglia,cavagnolo,cavaillon,cavaillon,cavaion veronese,cavalaire-sur-mer,cavalcante,cavalese,cavallasca,cavallermaggiore,cavallino,cavan,cavaria,cavarzere,cave,cave city,cave city,cave creek,cave creek,cave spring,cavedine,caveirac,cavelossim,cavenago dadda,cavenago di brianza,caversham,cavertitz,cavezzo,cavinti,cavite,cavite,cavnic,cavour,cavriago,cavriana,cavriglia,cavtat,cavuslu,cawayan,cawayan,cawayan,cawayan,cawayan,cawayan bugtang,caxambu,caxhuacan,caxias do sul,caxito,cay,cayambe,cayang,cayanga,cayanguan,cayce,caycuma,cayeli,cayenne,cayenne,cayetano germosen,cayeux-sur-mer,cayey,cayhagan,cayiralan,caykara,cayucos,cayuga heights,cayungnan,cazaji,cazanesti,cazanesti,cazenovia,cazeres,cazin,cazma,cazones,cazorla,cazouls-les-beziers,cazzago san martino,ccaquiracunca,ccolo,ccuntuma,cea,ceadir-lunga,ceahlau,ceamurlia de jos,ceanu mare,ceara mirim,cebazat,cebolla,cebreros,cebu city,cebuano,cecava,ceccano,cece,cecil-bishop,cecilia,cecina,ceclavin,cedar city,cedar falls,cedar grove,cedar grove,cedar grove,cedar hill,cedar hills,cedar hills,cedar lake,cedar mill,cedar park,cedar rapids,cedar springs,cedarburg,cedaredge,cedarhurst,cedartown,cedarville,cedeira,cedillo del condado,cedro,ceek,ceelbuur,ceeldheer,ceerigaabo,cefa,cefalu,ceggia,cegled,cegledbercel,ceglie messapico,ceglow,cehal,cehegin,ceiba,ceiba,ceica,cejkovice,cekerek,celada,celadna,celakovice,celaliye,celano,celanova,celarevo,celaru,celaya,celbridge,celebration,celendin,celenza valfortore,celestun,celestynow,celeyke,celica,celico,celikhan,celina,celina,celinac,celje,cella,cellamare,cellatica,celldomolk,celle,celle di bulgheria,celle ligure,celles,celles-sur-belle,celles-sur-durolle,cellettes,cellino attanasio,cellino san marco,cellole,celopek,celra,celso ramos,cenad,cenate sopra,cenate sotto,cendras,cene,cenei,cenes de la vega,cengio,cenicero,cenon,cenotillo,centa,centallo,centelles,centenario,centenario do sul,centenary,centennial,center,center,center,center line,center moriches,center point,center point,centereach,centerport,centerport,centerton,centerville,centerville,centerville,centerville,centerville,centerville,centerville,centerville,centerville,centerville,centerville,centerville,cento,centola,central,central,central,central,central city,central city,central falls,central gardens,central heights-midland city,central islip,central park,central point,central valley (historical),central waterford,centralia,centralia,centralia,centralina,centre,centre de flacq,centreville,centreville,centreville,centreville,centurion,centuripe,century village,cepagatti,cepari pamanteni,ceper,cepin,ceplenita,cepoy,ceppaloni,ceprano,ceptura de sus,cepu,cerami,ceranesi,cerano,cerano,cerans-foulletourte,ceraso,cerasu,ceratu,cerca la source,cercado abajo,cercal,cercany,cercedilla,cercemaggiore,cerchiara di calabria,cercola,cercy-la-tour,cerda,cerdanyola del valles,cerea,ceregnano,ceres,ceres,ceres,ceres,ceresara,ceresole alba,ceret,cerete,cerfontaine,cergy,ceriale,ceriano laghetto,cerignola,cerisano,cerizay,cerkes,cerkezkoy,cerknica,cermei,cermenate,cermignano,cermik,cerna,cerna,cerna hora,cernat,cernatesti,cernatesti,cernavoda,cernesti,cernica,cernier,cernilov,cernisoara,cernobbio,cernosice,cernusco lombardone,cernusco sul naviglio,cerny,cerny most,cerqueira cesar,cerquilho,cerrah,cerreto desi,cerreto guidi,cerreto sannita,cerrik,cerrione,cerrito,cerritos,cerritos,cerro al lambro,cerro azul,cerro azul,cerro cora,cerro de pasco,cerro de san antonio,cerro gordo,cerro la calera,cerro largo,cerro maggiore,cerro punta,cerro veronese,cers,certaldo,certegui,certeju de sus,certesti,certeze,certosa di pavia,cervantes,cervantes,cervantes,cervantes,cervarese santa croce,cervaro,cervasca,cervello,cervena voda,cervenia,cerveny kostelec,cervera,cervera de pisuerga,cervera del rio alhama,cerveteri,cervia,cervignano del friuli,cervinara,cervino,cervo,cesa,cesana brianza,cesano boscone,cesano maderno,cesar chavez,cesaro,cesate,cesena,cesenatico,cesinali,cesinovo,cesiomaggiore,cesis,ceska kamenice,ceska lipa,ceska skalice,ceska trebova,ceska ves,ceske budejovice,ceske velenice,cesky dub,cesky krumlov,cesky tesin,cesme,cessalto,cessaniti,cessenon-sur-orb,cessieu,cessnock,cesson,cesson-sevigne,cessy,cestas,cesuras,cetara,cetariu,cetate,cetateni,cetinje,ceton,cetona,cetraro,ceuta,ceuti,ceva,cevicos,ceyhan,ceylanpinar,ceyranbatan,ceyrat,ceyreste,ceyzeriat,cezieni,cha grande,cha-am,chaadayevka,chaah,chabarovice,chabet el ameur,chabeuil,chablis,chabris,chabua,chacabuco,chacaltianguis,chacao,chacarita,chachagui,chachapoyas,chachoengsao,chackbay,chadan,chadian,chadiza,chadrac,chadron,chadstone,chadwell heath,chadwell st mary,chaeryong-up,chafe,chaffee,chafford hundred,chagny,chagoda,chagrin falls,chaguanas,chah bahar,chahal,chahar burj,chahuite,chai badan,chai nat,chaibasa,chaihe,chail,chailles,chailly-en-biere,chaingy,chaiten,chaiya,chaiyaphum,chaiyo,chajari,chajul,chak,chak azam saffo,chak two hundred forty-nine tda,chakan,chakapara,chakari,chake chake,chakia,chakia,chaklasi,chakradharpur,chakrata,chaksu,chakulia,chakwal,chala,chalais,chalais,chalala,chalan,chalan pago-ordot village,chalatenango,chalchihuites,chalchuapa,chalco,chalco de diaz covarrubias,chalette-sur-loing,chalfont,chalfont saint giles,chalfont saint peter,chalford,chalgrove,chaligny,chalindrey,chalinze,chalisgaon,chalkida,chalkidon,chalkville,challakere,challans,challapalle,challapata,challes-les-eaux,chalmeca,chalmette,chalon-sur-saone,chalonnes-sur-loire,chalons-en-champagne,chaltyr,chalus,cham,cham,chama,chamalieres,chaman,chamba,chambar,chambarak,chambas,chamberlain,chamberlayne,chambersburg,chambery,chambishi,chamblee,chambly,chambly,chambourcy,chambray-les-tours,chambrey,chamchamal,chame,chamerau,chamical,chamlykskaya,chamonix-mont-blanc,chamoson,chamouny,champ-sur-drac,champa,champagne,champagne-sur-oise,champagne-sur-seine,champagney,champagnole,champahati,champaign,champasak,champawat,champcevinel,champcueil,champerico,champforgeuil,champhol,champigneulles,champigny,champigny-sur-marne,champion heights,champlan,champlin,champniers,champoton,champs-sur-marne,champua,chamrajnagar,chamula,chamzinka,chanal,chanas,chanasma,chancay,chanceaux-sur-choisille,chancelade,chandannagar,chandauli,chandausi,chandbali,chanderi,chandia,chandigarh,chandil,chandla,chandler,chandler,chandler,chandler,chandler,chandpur,chandra,chandrakona,chandrapur,chandur,chandur,chandur,chandur bazar,chandvad,changanacheri,changchun,changde,change,change,changji,changleng,changli,changling,changnyeong,changping,changqiao,changqing,changsha,changshu city,changsu,changtu,changtun,changuinola,changwon,changyon,changzhi,changzhou,chanhassen,chania,chaniers,chanika,channagiri,channahon,channapatna,channarayapatna,channel islands beach,channel-port aux basques,channelview,chantada,chanteloup-en-brie,chanteloup-les-vignes,chantepie,chanthaburi,chantilly,chantilly,chantonnay,chantraine,chanute,chany,chaohu,chaoyang,chaoyang,chaozhou,chapada dos guimaraes,chapadinha,chapaev,chapala,chapar,chapareillan,chaparral,chaparral,chapayeve,chapayevka,chapayevka,chapayevsk,chapeco,chapel allerton,chapel en le frith,chapel hill,chapel saint leonards,chapelhall,chapelle-lez-herlaimont,chapeltique,chapelton,chapletown,chaplygin,chaplynka,chaponnay,chaponost,chapuco,chapulhuacan,chapultepec,char bhadrasan,chara,charadai,charagua,charallave,charapan,charata,charbonnieres-les-bains,charcas,chard,chardon,chardonne,chardonniere,charef,charenton,charenton-le-pont,charfield,charikar,chariton,charkhari,charkhi dadri,charlbury,charlemagne,charleroi,charleroi,charles city,charles town,charleston,charleston,charleston,charleston,charleston,charleston,charlestown,charlestown,charlestown,charleval,charleval,charleville-mezieres,charlevoix,charlieu,charlotte,charlotte,charlotte amalie,charlotte harbor,charlotte park,charlottenberg,charlottenlund,charlottesville,charlottetown,charlton,charlton kings,charly,charly-sur-marne,charmes,charmes-sur-rhone,charnay-les-macon,charneca,charo,charolles,charqueada,charqueadas,charquemont,charsadda,charter oak,charters towers,chartham,charthawal,chartres,chartres-de-bretagne,chartrettes,charvensod,charvieu-chavagneux,charvil,charxin,charyshskoye,chas,chase,chase city,chasetown,chashniki,chashnikovo,chaska,chasong,chasse royale,chasse-sur-rhone,chasselay,chasseneuil-du-poitou,chasseneuil-sur-bonnieure,chassieu,chastre-villeroux-blanmont,chastyye,chatakonda,chatan,chateau-chinon(ville),chateau-doex,chateau-dolonne,chateau-du-loir,chateau-gontier,chateau-landon,chateau-renault,chateau-richer,chateau-salins,chateau-thierry,chateaubernard,chateaubourg,chateaubriant,chateaudun,chateaugay,chateaugiron,chateauguay,chateaulin,chateaumeillant,chateauneuf-de-gadagne,chateauneuf-de-galaure,chateauneuf-du-faou,chateauneuf-du-pape,chateauneuf-du-rhone,chateauneuf-en-thymerais,chateauneuf-grasse,chateauneuf-le-rouge,chateauneuf-les-martigues,chateauneuf-sur-charente,chateauneuf-sur-isere,chateauneuf-sur-loire,chateauneuf-sur-sarthe,chateauponsac,chateaurenard,chateauroux,chatel-guyon,chatel-saint-denis,chatel-saint-germain,chatelaillon-plage,chatelet,chatellerault,chatenay-malabry,chatenois,chatenois,chatenois-les-forges,chatenoy-le-royal,chatfield,chatham,chatham,chatham,chatham-kent,chatillon,chatillon,chatillon,chatillon,chatillon-coligny,chatillon-en-michaille,chatillon-le-duc,chatillon-sur-chalaronne,chatillon-sur-indre,chatillon-sur-seiche,chatillon-sur-seine,chatillon-sur-thouet,chato,chatou,chatra,chatrapur,chatswood,chatsworth,chattahoochee,chattahoochee hills,chattanooga,chattanooga valley,chatte,chatteris,chatuzange-le-goubet,chau doc,chauche,chauchina,chaudfontaine,chauffailles,chauk,chaulnes,chaumes-en-brie,chaumont,chaumont-en-vexin,chaumont-gistoux,chaumontel,chauny,chaupimarca,chauray,chauvigny,chauvin,chavagne,chavagnes-en-paillers,chavakkad,chavanay,chavannes,chavanod,chavanoz,chavantes,chavarria,chaves,chaville,chavinda,chavornay,chavusy,chawang,chawinda,chaykovskaya,chaykovskiy,chazelles-sur-lyon,chazuta,cheadle,cheadle heath,cheadle hulme,cheat lake,cheb,chebarkul,chebba,chebli,cheboksary,cheboygan,checacupe,checca,chechat,chechen-aul,checiny,checotah,checy,cheddar,cheddleton,cheektowaga,cheetham hill,chef-boutonne,chefchaouene,chegdomyn,chegem,chegem vtoroy,chegrane,chegutu,chehalis,chekhov,chekhov,chekmagush,chelak,chelakara,chelan,chelbasskaya,chelghoum el aid,chella,chelles,chelm,chelm slaski,chelmek,chelmiec,chelmno,chelmsford,chelmsford,chelmsley wood,chelmza,chelno-vershiny,chelsea,chelsea,chelsea,chelsea,chelsea,chelsea,cheltenham,cheltenham,chelva,chelyabinsk,chemal,chemax,chemille,chemin grenier,chemini,chemmumiahpet,chemnitz,chemodanovka,chenango bridge,chenaran,chene-bougeries,chene-bourg,cheney,cheney,chengalpattu,chengam,chengannur,chengde,chengdu,chenghua,chengjiang,chengmen,chengyang,chengyang,chengzihe,chennai,chennevieres-sur-marne,chennimalai,chenove,cheny,chenzhou,cheongju,cheongsong gun,chepelare,chepen,chepo,chepstow,cheraga,cheran,cherasco,cherat,cheraw,cherbourg-octeville,cherdakly,cherdyn,cherechiu,cheremkhovo,cheremnoye,cheremshan,cheremukhovo,cheremushki,chereng,cherepanovo,cherepet,cherepovets,cheria,cherkasskoye,cherkasy,cherkessk,cherkizovo,cherlak,chermen,chermignon-den haut,chermoz,chern,chernaya,chernigovka,chernihiv,chernitsyno,chernivtsi,chernivtsi,cherniyiv,chernogolovka,chernogorsk,chernoistochinsk,chernolesskoye,chernomorets,chernomorskiy,chernoyerkovskaya,chernukha,chernushka,chernyakhiv,chernyakhovsk,chernyanka,chernyatyn,chernyshevka,chernyshevsk,chernyshevskiy,chernyshkovskiy,chernyy yar,cherokee,cherokee,cherokee village,cherrapunji,cherry grove,cherry hill,cherry hill,cherry hill mall,cherry hills village,cherry valley,cherry valley,cherryland,cherryvale,cherryvale,cherryville,cherryville,cherskiy,chertkovo,chertsey,cherusti,cherven bryag,chervishevo,chervonaya sloboda,chervone,chervonograd,chervonohryhorivka,chervonopartizansk,chervyen,cherykaw,chesaning,chesapeake,chesapeake beach,chesapeake ranch estates,chesham,cheshire,cheshire village,cheshunt,chesma,chessy,cheste,chester,chester,chester,chester,chester,chester,chester,chester,chester,chester,chester,chester heights,chester-le-street,chesterbrook,chesterfield,chesterfield,chesterfield,chesterfield,chesterfield court house,chesterland,chestermere,chesterton,chestertown,chestnut ridge,chetani,chetek,chetouane,chetput,chettipalaiyam,chetumal,chetwynd,cheval,cheval-blanc,cheveresu mare,cheverly,chevigny-saint-sauveur,chevilly,chevilly-larue,cheviot,chevreuse,chevry-cossigny,chevy chase,chevy chase village,chewelah,chexbres,cheyenne,cheyyar,cheyyur,chezani,chhabra,chhachhrauli,chhagalnaiya,chhala,chhapar,chhaprauli,chharra,chhata,chhatak,chhatapur,chhatarpur,chhibramau,chhindwara,chhota udepur,chhoti sadri,chhuikhadan,chhutmalpur,chia,chiajna,chiampo,chianciano terme,chiang kham,chiang khong,chiang klang,chiang mai,chiang rai,chiantla,chiapa de corzo,chiapilla,chiaramonte gulfi,chiaramonti,chiarano,chiaravalle,chiaravalle centrale,chiari,chiaromonte,chiasso,chiautempan,chiautla,chiautla de tapia,chiavari,chiavenna,chiaverano,chiba-shi,chibombo,chibougamau,chibuto,chicacao,chicago,chicago heights,chicago ridge,chicalim,chicama,chicaman,chichawatni,chiche,chichen-itza,chichester,chichester,chichibu,chichicastenango,chichigalpa,chichihualco,chichimila,chichinales,chichiriviche,chichli,chicholi,chickamauga,chickasaw,chickasha,chickerell,chiclana de la frontera,chiclayo,chico,chico,chicoana,chicomuselo,chiconcuac,chiconi,chicontepec,chicopee,chicxulub,chidambaram,chidawa,chiddingfold,chiefland,chieming,chienes,chieri,chiesa in valmalenco,chiesd,chiesina uzzanese,chieti,chietla,chievres,chifeng,chiffa,chigasaki,chignahuapan,chignautla,chignayhua,chignolo disola,chignolo po,chigore,chigorodo,chiguayante,chigwell,chihuahua,chik ballapur,chikhli,chikhli,chikitigarh,chikmagalur,chiknayakanhalli,chikodi,chikola,chikushino-shi,chikwawa,chilakalurupet,chilapa de alvarez,chilaw,chilca,chilches,chilchota,childersburg,childress,chile chico,chilecito,chilia veche,chilibre,chililabombwe,chillan,chillicothe,chillicothe,chillicothe,chilliwack,chillum,chillupar,chilly-mazarin,chilmari,chilon,chilpancingo de los bravos,chilton,chima,chima,chimala,chimalpa,chimaltenango,chimanimani,chimay,chimayo,chimbarongo,chimbas,chimbote,chimichagua,chimoio,chimore,chimpay,china,china,china,china grove,chinacota,chinameca,chinameca,chinampa de gorostiza,chinandega,chinar,chinautla,chincha alta,chinchani,chinchilla,chinchilla,chinchilla de monte aragon,chinchina,chinchinim,chincholi,chinchon,chinchon,chincoteague,chingirlau,chingola,chinguetti,chinhae,chinhoyi,chiniot,chinique,chinju,chinle,chinna salem,chinnachowk,chinnamanur,chinnasekkadu,chinnor,chino,chino,chino hills,chino valley,chinon,chinoz,chinsali,chintamani,chinteni,chinu,chiny,chiochis,chioggia,chiojdeni,chiojdu,chios,chipaque,chipata,chipinge,chipiona,chipispaya,chipley,chiplun,chipoka,chippendale,chippenham,chippewa falls,chipping campden,chipping norton,chipping norton,chipping ongar,chipping sodbury,chiprovtsi,chipurupalle,chiquilistlan,chiquimula,chiquimulilla,chiquinquira,chirala,chiras,chirchiq,chiredzi,chirens,chirgaon,chiri-yurt,chiria,chiriguana,chirilagua,chiriqui,chirk,chirkey,chirnogeni,chirnogi,chirongui,chironkamba,chiroqchi,chirpan,chirundu,chiryu,chisago city,chiscani,chisec,chiseldon,chiselet,chishmy,chisholm,chishtian mandi,chisinau,chisineu-cris,chislaz,chissamba,chistogorskiy,chistopol,chistyye bory,chita,chita,chitaga,chitapur,chitcani,chitila,chitipa,chitose,chitradurga,chitrakonda,chitre,chitre,chittagong,chittaranjan,chittaurgarh,chittenango,chittur,chitu,chitungwiza,chiuduno,chiungutwa,chiuppano,chiuro,chiusa,chiusa di pesio,chiusa sclafani,chiusano di san domenico,chiusdino,chiusi,chiusi della verna,chiuza,chiva,chivacoa,chivasso,chivay,chivhu,chivilcoy,chivolo,chixi,chizhou,chkalov,chkalovsk,chkalovskoye,chlmec,chlum u trebone,chlumcany,chlumec,chlumec nad cidlinou,chmielnik,chmielnik,choa saidan shah,choachi,chobham,chocaman,choccolocco,chocen,chochola,chocianow,chociwel,choconta,chocope,chocques,choctaw,chocznia,chodavaram,chodavaram,chodecz,chodov,chodziez,choele choel,chofu,choisy-au-bac,choisy-le-roi,choix,chojna,chojnice,chojnow,chok chai,chokurdakh,chokwe,cholapuram,cholargos,cholet,choloma,cholpon-ata,cholsey,cholul,cholula,cholula,chom bueng,chom thong,choma,chomerac,chomutov,chon buri,chon daen,chonchi,chone,chongjin,chongju,chonglong,chongoyape,chongqing,chongru,chongwe,chontalpa,chontaul,chop,chopan,chopda,chopinzinho,chopovychi,chor,chorfa,chorges,chorhat,chorin,chorley,chorleywood,chorlton cum hardy,chornobay,chornobayivka,chornoliztsi,chornomorske,chornukhy,chornyanka,choroszcz,chorozinho,chortiatis,chortkiv,chortoq,chorzele,chorzow,chos malal,chosica,chostlarn,choszczno,chota,chotebor,chotesov,chotila,chouteau,chouze-sur-loire,chowari,chowchilla,chowki jamali,choya,choyr,chozas de abajo,chozas de canales,chrast,chrastava,christchurch,christchurch,christiana,christiansburg,christiansfeld,christopher,chropyne,chroscice,chrudim,chryso,chrysoupolis,chryston,chrzanow,chrzanow,chuari khas,chuarrancho,chubbuck,chubek,chucena,chucher - sandevo,chuchkovo,chudey,chudleigh,chudniv,chudovo,chufarovo,chuguyevka,chuhar jamali,chuhar kana,chuhuyiv,chui,chuka,chukhloma,chula vista,chulakivka,chulman,chulucanas,chulumani,chuluota,chulym,chum phae,chumayel,chumi,chumphon,chunar,chuncheon,chunghwa,chunhuhub,chunian,chunoyar,chunskiy,chupa,chupaca,chuquitira,chur,churachandpur,churapcha,church,church hill,church point,church stretton,churchdown,churchill,churchill,churchville,churchville,churintzio,churriana de la vega,churu,chusovoy,chust shahri,chute-aux-outardes,chutove,chuy,chuzelles,chuzhou,chvaletice,chwaszczyno,chybie,chyhyryn,chynadiyovo,chynov,chyrvonaya slabada,ciacova,ciales,ciamis,ciampea,ciampino,cianciana,cianorte,cibakhaza,cibinong,cibitoke,cibolo,ciboure,cicagna,cicciano,cicero,cicero,cicero dantas,ciceu-giurgesti,cicuco,cicurug,cidade de nacala,cidade velha,cidra,cidreira,ciechanow,ciechanowiec,ciechocinek,ciecina,ciego de avila,ciempozuelos,cienaga,cienaga de oro,cienega de flores,cienegas terrace,cienfuegos,cieplice slaskie zdroj,cierna nad tisou,cieszanow,cieszyn,cieza,ciezkowice,cifteler,ciftlikkoy,cifuentes,cifuentes,cigales,cigand,cigaras,cigliano,cihanbeyli,cihuatlan,cijuela,cikampek,cikarang,cikupa,cilaos,cilavegna,cileungsi,cileunyi,cilibia,cilieni,cill airne,cilleros,cim,cimadolmo,cimahi,cimarron,cimarron hills,cimin,ciminna,cimislia,cimitarra,cimitile,cinarcik,cinarli,cincinnati,cinco ranch,cinco saltos,cinderford,cine,cingoli,cinigiano,cinisello balsamo,cinisi,cinnaminson,cinq-mars-la-pile,cinquefrondi,cintalapa de figueroa,cintegabelle,cinto caomaggiore,cinto euganeo,cintruenigo,ciobanu,ciocanesti,ciocanesti,ciocanesti,ciocarlia,ciochina,ciocile,ciofrangeni,ciolpani,cioranii de jos,ciorasti,ciorogarla,cioroiasu,ciortesti,cipo,cipolletti,ciprian porumbescu,ciputat,ciranjang-hilir,circasia,circello,circle pines,circleville,cirebon,cirencester,cires-les-mello,ciresu,cirie,cirimido,ciro,ciro marina,ciry-le-noble,cisano bergamasco,cisco,ciserano,cisiec,cislago,cislau,cisliano,cisnadie,cisneros,cison di valmarino,cisse,cisterna di latina,cisterniga,cisternino,cistierna,citerna,citeureup,citluk,citronelle,citrus,citrus city,citrus heights,citrus hills,citrus park,citrus park,citrus park,citrus ridge,citrus springs,citta della pieve,citta di castello,citta santangelo,cittadella,cittaducale,cittanova,cittiglio,city of balikpapan,city of isabela,city of london,city of parramatta,ciuani,ciucea,ciucsangeorgiu,ciucurova,ciudad acuna,ciudad altamirano,ciudad anahuac,ciudad arce,ciudad barrios,ciudad bolivar,ciudad bolivar,ciudad camargo,ciudad choluteca,ciudad constitucion,ciudad cortes,ciudad dario,ciudad del carmen,ciudad del maiz,ciudad delicias,ciudad fernandez,ciudad guayana,ciudad guzman,ciudad hidalgo,ciudad juarez,ciudad lerdo,ciudad lopez mateos,ciudad madero,ciudad manuel doblado,ciudad melchor de mencos,ciudad mendoza,ciudad miguel aleman,ciudad nezahualcoyotl,ciudad obregon,ciudad pemex,ciudad real,ciudad rodrigo,ciudad sahagun,ciudad sandino,ciudad serdan,ciudad tecun uman,ciudad valles,ciudad victoria,ciudad vieja,ciugud,ciuhoiu,ciulnita,ciumani,ciumeghiu,ciupercenii noi,ciurea,ciurgau,ciutadella,ciutat vella,civankan,civate,civezzano,cividale del friuli,cividate al piano,cividate camuno,civita castellana,civitanova marche,civitavecchia,civitella casanova,civitella del tronto,civitella di romagna,civitella in val di chiana,civitella marittima,civitella paganico,civitella roveto,civray,civril,cizer,cizre,cizur mayor,clackamas,clackmannan,clacton-on-sea,claiborne,claira,clairac,clairoix,clairton,claix,clamart,clamecy,clane,clanton,clapham,clapiers,clara,clarcona,clare,clare,clare,claremont,claremont,claremont,claremont,claremont,claremore,claremorris,clarence,clarence center,clarence town,clarence-rockland,clarendon,clarendon hills,clarensac,clarenville-shoal harbour,claresholm,clarin,clarin,clarinda,clarion,clarion,clark,clark mills,clarkdale,clarks summit,clarksburg,clarksburg,clarksdale,clarkson,clarkson,clarkson valley,clarkston,clarkston,clarkston,clarkston heights-vineland,clarksville,clarksville,clarksville,clarksville,claro,claryville,claudio,claussnitz,clausthal-zellerfeld,claver,claveria,claveria,claveria,clavier,clawson,claxton,clay,clay center,clay center,claydon,claye-souilly,claymont,clayton,clayton,clayton,clayton,clayton,clayton,clayton,clayton,clayton,clayton,clayton le moors,clayton west,clayton-le-woods,clear lake,clearbrook park,clearfield,clearfield,clearlake,clearlake oaks,clearview,clearwater,clearwater,clearwater,cleator moor,cleburne,cleckheaton,cleder,cleebronn,cleethorpes,cleguer,cleguerec,cleja,clejani,cleland,clemencia,clement town,clementon,clemmons,clemson,clenchwarton,clenze,cleobury mortimer,cleon,cleona,clerieux,clerkenwell,clermont,clermont,clermont-ferrand,clery-saint-andre,cles,clevedon,cleveland,cleveland,cleveland,cleveland,cleveland,cleveland,cleveland,cleveland,cleveland,cleveland heights,clevelandia,cleveleys,clever,cleves,clewiston,clichy,clichy-sous-bois,clifden,cliffe,cliffside park,cliffwood beach,clifton,clifton,clifton,clifton,clifton,clifton forge,clifton heights,clifton springs,clifton springs,clinceni,clinton,clinton,clinton,clinton,clinton,clinton,clinton,clinton,clinton,clinton,clinton,clinton,clinton,clinton,clinton,clinton,clinton,clinton,clinton,clinton stock yards,clintonville,clio,clisson,clitheroe,clive,clivio,cliza,clocolan,clodomira,clohars-carnoet,clohars-fouesnant,clonakilty,clontarf,clophill,cloppenburg,cloquet,clorinda,closter,clouange,clovelly,clover,clover hill,cloverdale,cloverdale,cloverdale,cloverleaf,cloverly,clovis,clovis,clowne,cloyes-sur-le-loir,cluain meala,cluj-napoca,cluny,cluses,clusone,clute,clutton,clydach,clyde,clyde,clyde,clyde hill,clydebank,cmielow,cmolas,coacalco,coachella,coacoatzintla,coacotla,coahuayana,coal city,coal creek,coal grove,coal valley,coalcoman de matamoros,coaldale,coaldale,coalfield,coalgate,coalinga,coalisland,coalville,coamo,coana,coaraci,coari,coarnele caprei,coarraze,coatbridge,coatepec,coatepec,coatepec harinas,coatepeque,coatepeque,coates,coatesville,coatetelco,coaticook,coats,coatzacoalcos,coatzintla,coazze,cobadin,coban,cobar,cobeja,cobena,cobh,cobham,cobija,cobisa,cobleskill,cobourg,coburg,coca,cocachacra,cocal,cocal,coccaglio,cocentaina,cochabamba,cochem,cocheren,cochin,cochirleanca,cochituate,cochran,cochrane,cochrane,cociuba mare,cockburn town,cockenzie,cockermouth,cockeysville,cockrell hill,coco,cocoa,cocoa beach,cocoa west,coconut creek,cocora,cocorastii-misli,cocorit,cocorna,cocotitlan,cocoyoc,cocquio trevisago,cocu,cocula,cocula,codaesti,codajas,codcod,codevigo,codicote,codigoro,codlea,codo,codognan,codogne,codogno,codroipo,codsall,cody,coeburn,coedpoeth,coelho neto,coeneo,coesfeld,coeur dalene,coevorden,coex,coffeyville,coffs harbour,cofradia,cofradia,cogan,cogealac,coggeshall,coggiola,cogliate,cognac,cognin,cogoleto,cogolin,cogollo del cengio,cogon,cogon,cogon,cogon,cogon,cogon cruz,cogorno,cogtong,cogua,cohasset,cohasset,cohoes,coignieres,coihaique,coihueco,coimbatore,coimbra,coin,coishco,coite do noia,coity,cojasca,cojocna,cojumatlan de regules,cojutepeque,coka,cokato,col. bosques de las lomas,colac,colachel,colares,colatina,colayrac-saint-cirq,colbe,colbitz,colbordolo,colby,colceag,colchani,colchester,colchester,colchester,cold ash,cold lake,cold spring,cold spring,cold spring,cold spring harbor,cold springs,colden common,colditz,coldwater,coldwater,cole harbour,coleford,colegiales,coleman,coleraine,coleraine,colerne,coles,colesberg,colesville,coleyville,colfax,colfax,colfax,colfontaine,colgong,colibasi,colico,colima,colima,colimes,colinas,colindres,colinton,colipapa,collado mediano,collado-villalba,collalabo,collazzone,collbato,colle di val delsa,colle salvetti,colle sannita,colle umberto,collebeato,collecchio,collecorvino,colledara,colleferro,college,college park,college park,college place,college station,collegedale,collegeville,collegeville,collegien,collegno,collepasso,collesano,colletorto,colleville-montgomery,colleyville,colli del tronto,colliano,collie,collier row,collierville,collierville,collingdale,collingham,collingswood,collingwood,collingwood park,collins,collinsville,collinsville,collinsville,collinsville,collinsville,collinsville,collio,collioure,collipulli,collofedo di monte albano,collombey,collonges-sous-saleve,colmar,colmberg,colmenar,colmenar de oreja,colmenar viejo,colmenarejo,colnbrook,colne,cologna veneta,cologne,cologno al serio,cologno monzese,colognola ai colli,colomadu,colomars,colomba,colombelles,colombes,colombia,colombia,colombier,colombiers,colombo,colombo,colomi,colomiers,colon,colon,colon,colon,colon,colona,colonelganj,colonesti,colonesti,colongolo,colonia,colonia,colonia,colonia aurora,colonia baron,colonia benitez,colonia catuete,colonia del sacramento,colonia del valle,colonia dora,colonia elisa,colonia general alfredo stroessner,colonia lazaro cardenas,colonia leopoldina,colonia lindavista,colonia mariano roque alonso,colonia mauricio jose troche,colonia menno,colonia nativitas,colonia neuland,colonia nicolich,colonia vicente guerrero,colonia wanda,colonia yguazu,colonial beach,colonial heights,colonial heights,colonial park,colonial pine hills,colonias unidas,colonie,colonna,colonnella,colorado,colorado city,colorado city,colorado city,colorado springs,colorines,colorno,coloso,colotlan,colovale,colpo,colquiri,colquitt,colstrip,coltishall,colton,colturano,columbia,columbia,columbia,columbia,columbia,columbia,columbia,columbia,columbia,columbia city,columbia city,columbia falls,columbia heights,columbiana,columbiana,columbine,columbio,columbus,columbus,columbus,columbus,columbus,columbus,columbus,columbus,columbus,columbus grove,colunga,colusa,colva,colville,colwich,colwood,colwyn,colwyn bay,comacchio,comachuen,comagascas,comal,comala,comalapa,comalcalco,comana,comana de sus,comanche,comandante fontana,comandante luis piedra buena,comanesti,comarapa,comarna,comarnic,comayagua,combapata,combe martin,combee settlement,comber,comberton,combes,combine,combined locks,comblain-au-pont,combloux,combourg,combree,combrit,combronde,combs-la-ville,come,comendador,comerio,comerio,comfort,comilla,comillas,comillas norte,comines,comisani,comiso,comitan de dominguez,comitancillo,comitancillo,comlosu mare,commack,commelle-vernay,commentry,commequiers,commerce,commerce,commerce,commerce,commerce city,commercy,communal,communay,como,como,como,como,comoapan,comodoro rivadavia,comonfort,compiegne,compostela,compostela,compostela,compton,compton,compuertas,comrat,comrie,comstock northwest,comstock park,comun nuovo,comunanza,comunas,cona,conakry,concaran,concarneau,conceicao da barra,conceicao da feira,conceicao das alagoas,conceicao do almeida,conceicao do araguaia,conceicao do castelo,conceicao do coite,conceicao do jacuipe,conceicao do mato dentro,conceicao do rio verde,concepcion,concepcion,concepcion,concepcion,concepcion,concepcion,concepcion,concepcion,concepcion,concepcion,concepcion,concepcion,concepcion,concepcion,concepcion,concepcion,concepcion,concepcion batres,concepcion chiquirichapa,concepcion de ataco,concepcion de buenos aires,concepcion de la sierra,concepcion de la vega,concepcion del bermejo,concepcion del oro,concepcion del uruguay,concepcion ibaba,conception bay south,concesio,concession,concesti,conchagua,conchal,conchas,conches-en-ouche,conchopata,conco,concord,concord,concord,concord,concord,concord,concord,concordia,concordia,concordia,concordia,concordia,concordia,concordia,concordia,concordia,concordia,concordia sagittaria,concordia sulla secchia,concorezzo,condado,condado,condat-sur-vienne,conde,conde,conde-sur-lescaut,conde-sur-noireau,conde-sur-sarthe,conde-sur-vire,condega,condeixa a nova,condette,condobolin,condofuri,condom,condoto,condove,condrieu,conduaga,conegliano,conel,coney island,confignon,conflans-en-jarnisy,conflans-sainte-honorine,confolens,congers,congis-sur-therouanne,congleton,congomah,congonhas,congresbury,congress,conguaco,conil de la frontera,coningsby,conisbrough,conkal,conley,conneaut,conneaut lakeshore,connell,connells point,connellsville,conner,connerre,connersville,conning towers-nautilus park,conon bridge,conop,conover,conques-sur-orbiel,conrad,conroe,consaca,conselheiro lafaiete,conselheiro pena,conselice,consell,conselve,consett,conshohocken,consolacion,consolacion,consolacion del sur,constancia,constancia,constant spring,constanta,constanti,constantia,constantin daicoviciu,constantine,constantine,constanza,constitucion,constitucion,consuegra,consuegra,consuelo,consuelo,consuelo,contagem,contai,contamana,contepec,contes,contessa entellina,contesti,conthey,contigliano,contraalmirante cordero,contrada,contramaestre,contratacion,contrecoeur,contres,contrexeville,controguerra,contursi terme,contwig,conversano,converse,conversion,conway,conway,conway,conway,conwy,conyers,conyngham,coober pedy,coogee,coogee,cookeville,cookham,cookstown,cool urhajo,coolidge,coolum beach,cooma,coon rapids,coonabarabran,coonamble,coondapoor,cooper,cooper,cooper city,coopers town,coopersburg,coopersville,coopertown,cooranbong,coos bay,cootamundra,copacel,copaceni,copainala,copala,copalau,copalillo,copalnic manastur,copan,copandaro de galeana,copenhagen,copertino,copiague,copiapo,coplay,copmanthorpe,copoya,copparo,coppell,coppenbrugge,copperas cove,copperopolis,coppet,coppull,copsa mica,copthorne,coquelles,coqui,coquille,coquimatlan,coquimbo,coquitlam,corabia,coracao de jesus,coracao de maria,coracora,corail,coral gables,coral hills,coral springs,coral terrace,coralici,coralville,coram,coraopolis,corat,corato,corazon,corbara,corbas,corbasca,corbeanca,corbehem,corbeil-essonnes,corbelia,corbelin,corbeni,corbera,corbera de llobregat,corbetta,corbi,corbie,corbii mari,corbin,corbita,corbola,corbridge,corbu,corbu,corby,corchiano,corciano,corcoran,corcoran,corcova,cordareni,cordaville,cordeiro,cordeiropolis,cordele,cordell,cordemais,cordenons,cordes lakes,cordignano,cordoba,cordoba,cordoba,cordoba,cordoba,cordoba,cordon,cordova,cordova,cordova,cordova,cordovado,cordun,coreau,coreglia antelminelli,corella,coremas,corenc,corgo,cori,coria,coria del rio,coriano,corigliano calabro,corigliano dotranto,corinaldo,corinna,corinth,corinth,corinth,corinto,corinto,corinto,corinto,corio,coripata,coristanco,cork,corlateni,corleone,corleto perticara,corlette,corlu,cormaia,cormano,cormeilles-en-parisis,cormelles-le-royal,cormons,cormontreuil,corn island,cornaredo,cornas,cornate dadda,corne,cornea,cornebarrieu,cornedo allisarco,cornedo vicentino,cornegliano laudense,cornelia,cornelius,cornelius,cornella de llobregat,corner brook,cornereva,cornesti,cornetu,corni,corni,corni,corniglio,cornillon,cornimont,corning,corning,corning,corno di rosazzo,cornu de sus,cornu luncii,cornuda,cornville,cornwall,cornwall,cornwall,cornwall-on-hudson,coro,coroata,corocito,corocotan,corod,coroeni,coroico,coroiesti,coromandel,coromandel valley,coron,corona,corona de tucson,coronado,coronda,coronel,coronel dorrego,coronel du graty,coronel fabriciano,coronel marcelino mariduena,coronel moldes,coronel oviedo,coronel suarez,coronel vivida,coroneo,coronon,corovode,corowa,corozal,corozal,corozal,corozal,corps-nuds,corpus christi,corquilleroy,corquin,corral,corral de almaguer,corral de bustos,corral nuevo,corralejo,corrales,corralillo,corralitos,corredor,correggio,corrego grande,correia pinto,correntina,correzzola,corridonia,corrientes,corrimal,corroios,corrooy,corropoli,corry,corsano,corsept,corsham,corsicana,corsico,cortaccia sulla strada del vino,cortaillod,cortale,cortalim,cortazar,corte,corte franca,corte madera,cortegaca,cortemaggiore,cortemilia,corteno golgi,corteolona,cortes,cortes de baza,cortes de la frontera,cortez,cortez,cortez,cortina dampezzo,cortland,cortland,cortland,cortona,coruche,corum,corumba,corund,corunna,corupa,coruripe,corvallis,corvera,corvera de asturias,corydon,corzuela,cos cob,cosala,cosamaloapan de carpio,cosautlan de carvajal,cosbuc,cosby,coscomatepec de bravo,coseano,cosenza,cosereni,cosesti,cosham,coshocton,cosina,cosio,cosio valtellino,coslada,cosmesti,cosmesti,cosmopolis,cosnac,cosne-cours-sur-loire,cosnes-et-romain,cosolapa,cosoleacaque,cosoveni,cospicua,cosquin,cossato,cosse-le-vivien,cossonay,costa de caparica,costa di mezzate,costa di rovigo,costa masnaga,costa mesa,costa rica,costa volpino,costabissara,costache negri,costeira do pirajubae,costeiu,costermano,costessey,costesti,costesti,costesti,costesti,costestii din vale,costigliole dasti,costigliole saluzzo,costinesti,costisa,costuleni,coswig,coswig,cot,cota,cotabato,cotacachi,cotati,cote-saint-luc,coteana,coteaux,cotes-de-fer,cotesti,cotgrave,cotia,cotignac,cotignola,cotija de la paz,cotmeana,cotmon,cotnari,coto de caza,coto laurel,cotoca,cotofanesti,cotofenii din dos,cotonou,cotorra,cotronei,cottage,cottage grove,cottage grove,cottage grove,cottage lake,cottbus,cottenham,cottesloe,cottleville,cottonport,cottonwood,cottonwood,cottonwood,cottonwood heights,cotui,cotuit,cotulla,cotusca,coublevie,coubon,coubron,coudekerque-branche,coudersport,coudoux,coueron,couffe,coufouleux,couhe,couilly-pont-aux-dames,coulaines,coulanges-les-nevers,coullons,coulogne,coulommiers,coulon,coulounieix-chamiers,council bluffs,council grove,countesthorpe,country club,country club,country club estates,country club estates,country club hills,country club village,country homes,country knolls,country lake estates,country squire lakes,country walk,countryside,countryside,coupar angus,coupvray,cour-cheverny,courbevoie,courcelles,courcelles-chaussy,courcelles-les-lens,courchelettes,courcouronnes,courdimanche,courgenay,courlay,courmayeur,cournon-dauvergne,cournonsec,cournonterral,courpiere,courrendlin,courrieres,courroux,cours-la-ville,coursan,courseulles-sur-mer,court-saint-etienne,courtenay,courtenay,courtetelle,courthezon,courtisols,courtry,courville-sur-eure,coushatta,coutances,coutiches,coutras,couva,couvet,couvin,couzeix,covaleda,covasint,covasna,cove,covedale,covelo,coventry,coventry,coventry lake,covilha,covina,covington,covington,covington,covington,covington,covington,covington,covington,covo,cowansville,cowbridge,cowdenbeath,cowes,cowes,coweta,cowie,cowley,cowpens,cowplain,cowra,cox,coxcatlan,coxhoe,coxim,coxquihui,coxs bazar,coxsackie,coyah,coyaima,coye-la-foret,coylton,coyoacan,coyotepec,coyuca de benitez,coyuca de catalan,coyula,coyutla,cozad,cozes,cozieni,cozmesti,crab orchard,crabtree,crach,craciunelu de jos,craciunesti,cradley heath,cradock,crafers,crafton,craidorolt,craig,craigavon,craigieburn,craigsville,crailsheim,craiova,cramerton,cramlington,cran-gevrier,cranbourne,cranbrook,cranbrook,cranbury,crandall,crandon,crane,cranendonck,cranfield,cranford,crangeni,crangurile de sus,cranham,cranleigh,cranston,cranves-sales,craon,craponne,craponne-sur-arzon,crasna,crasna,crasnoe,crateus,crato,cravanche,craven arms,cravinhos,cravo norte,crawfordsville,crawfordville,crawley,crawley down,creaca,creances,creazzo,crecchio,creches-sur-saone,credaro,credenhill,crediton,creedmoor,creel,creglingen,cregy-les-meaux,crehange,creil,creixell,crema,cremieu,cremlingen,cremona,creola,creon,crepaja,crepy-en-valois,cres,cresaptown,crescent city,crescent head,crescent springs,crescentino,cresco,crespano del grappa,crespellano,crespin,crespina,crespino,crespo,cresskill,crest,crest,crest hill,crestline,crestline,creston,creston,creston,crestview,crestview hills,crestwood,crestwood,crestwood,crestwood village,creswell,creswell,crete,crete,creteil,creteni,creussen,creutzwald,creuzburg,creuzier-le-vieux,crevalcore,creve coeur,creve coeur,creve coeur,crevecoeur-le-grand,crevedia,crevedia mare,crevillente,crevoladossola,crewe,crewe,crewkerne,creysse,cricau,criciuma,cricklade,cricova,crieff,criel-sur-mer,crikvenica,crimmitschau,crimora,cringila,cringleford,criscior,criseni,crisfield,crisnee,crispano,crispiano,crissey,crissier,cristalina,cristesti,cristesti,cristesti,cristian,cristian,cristinapolis,cristinesti,cristobal,cristobal obregon,cristuru secuiesc,crittenden,criuleni,crivina,crivitz,crixas,crna bara,crna na koroskem,crnici,crnomelj,crocetta del montello,crockett,crockett,crofton,crofton,croissy-beaubourg,croissy-sur-seine,croix,croix des bouquets,crolles,cromer,cromford,crompond,cromwell,cronulla,crook,crookston,crooksville,crookwell,croom,cropani,crosby,crosby,crosby,crosia,crosne,cross hands,cross lake,cross lanes,cross mountain,cross plains,crossac,crossett,crossfield,crossford,crossgates,crosshouse,crossville,croston,croswell,croton-on-hudson,crotone,crottendorf,crouch end,crouy,crowborough,crowland,crowley,crowley,crown heights,crown point,crownpoint,crows nest,crowthorne,croydon,croydon,crozet,crozon,cruas,cruce de arinaga,crucea,crucea,cruces,cruces de anori,crucisor,crucoli,crumlin,crumpsall,cruseilles,crusetu,cruz,cruz alta,cruz alta,cruz das almas,cruz del eje,cruz do espirito santo,cruz grande,cruzeiro,cruzeiro do oeste,cruzilia,crystal,crystal city,crystal city,crystal lake,crystal lake,crystal lake,crystal river,crystal springs,csabrendek,csakvar,csanadapaca,csanadpalota,csany,csanytelek,csaszar,csaszartoltes,csavoly,csemo,csengele,csenger,csengod,csepreg,cserkeszolo,cserszegtomaj,cseteny,csobanka,csokmo,csolnok,csomor,csongrad,csorna,csorvas,csurgo,cu chi,cua,cuacnopalan,cuajimalpa,cuajinicuilapa,cualedro,cuamba,cuambog,cuanajo,cuanala,cuapa,cuapiaxtla,cuapiaxtla de madero,cuarte de huerva,cuartero,cuasso al monte,cuauhtemoc,cuauhtemoc,cuauhtemoc,cuautepec,cuautepec de hinojosa,cuautitlan,cuautitlan izcalli,cuautla morelos,cuautlancingo,cuautlapan,cuba,cuba city,cubas,cubatao,cubelles,cubuk,cubulco,cubzac-les-ponts,cuca,cuca,cucciago,cuci,cuckfield,cucq,cucujaes,cucuron,cucuta,cucutilla,cucuyagua,cudahy,cudahy,cudalbi,cuddalore,cuddapah,cudillero,cudworth,cuellar,cuenca,cuenca,cuenca,cuencame,cueramaro,cuernavaca,cuero,cuers,cuesta blanca,cueto,cuetzalan del progreso,cuevas,cuevas de san marcos,cuevas del almanzora,cuevas del campo,cuffley,cugand,cuges-les-pins,cuggiono,cugir,cugliate-fabiasco,cuglieri,cugnaux,cuiaba,cuichapa,cuihuangkou,cuijiamatou,cuijk,cuilapa,cuilapan de guerrero,cuincy,cuise-la-motte,cuisiat,cuitareo,cuite,cuitlahuac,cuitzeo,cuitzeo del porvenir,cujmir,cukai,cukurca,cul de sac,culaba,culacling,culaman,culasi,culasi,culasian,culcheth,culciu mic,culemborg,culfa,culiacan,culiacancito,culianan,culianin,culit,cullar-vega,cullcuyre,cullera,culleredo,cullinan,cullingworth,cullman,culloden,cullompton,cullowhee,cullybackey,culmore,culoz,culpeper,culubasa,culver city,cumadcad,cumana,cumanayagua,cumaovasi,cumaral,cumaru,cumbal,cumberland,cumberland,cumberland,cumberland,cumberland,cumberland,cumberland center,cumberland hill,cumbernauld,cumbum,cumbum,cumiana,cumming,cumnock,cumpana,cumpas,cumra,cunardo,cuncolim,cunday,cundletown,cunduacan,cunen,cuneo,cunewalde,cungrea,cungus,cunha,cunit,cuntis,cuorgne,cupar,cupello,cupertino,cupira,cupra marittima,cupramontana,cuprija,cupseni,cura carpignano,curaca,curanilahue,curatele,curcani,curchorem,cureggio,curepipe,curico,curillo,curinga,curiti,curitiba,curitibanos,curl curl,curon venosta,currais novos,currambine,curridabat,currie,curry,cursi,curtarolo,curtea de arges,curtesti,curti,curti,curtici,curtis,curtisoara,curuan,curuca,curug,curug,curumani,curup,cururupu,curuzu cuatia,curvelo,curwensville,cusago,cusano milanino,cusano mutri,cuscatancingo,cusco,cusdrioara,cushing,cusset,cusseta,custer,custines,custodia,custoias,custonaci,cut bank,cut off,cutchogue,cutcut,cuthbert,cutler,cutler,cutler bay,cutler ridge,cutlerville,cutral-co,cutro,cutrofiano,cuttack,cutten,cutzamala de pinzon,cuveglio,cuxhaven,cuxton,cuyahoga falls,cuyamel,cuyapo,cuyo,cuyotenango,cuza voda,cuzama,cuzaplac,cvikov,cwmbach,cwmbran,cyangugu,cybinka,cynthiana,cypress,cypress,cypress gardens,cypress lake,cysoing,czaniec,czaplinek,czarkow,czarna,czarna bialostocka,czarna woda,czarne,czarnkow,czarnowasy,czarny bor,czarny dunajec,czchow,czechowice-dziedzice,czeladz,czemierniki,czempin,czeremcha,czernica,czerniejewo,czernikowo,czersk,czerwiensk,czerwionka-leszczyny,czerwonak,czestochowa,czlopa,czluchow,czudec,czyzew,czyzowice