eagan,eagar,eagle,eagle,eagle,eagle grove,eagle lake,eagle lake,eagle lake,eagle mountain,eagle mountain,eagle pass,eagle point,eaglescliffe,eaglesham,eagleton village,eagleville,earby,earl shilton,earle,earlimart,earls barton,earls colne,earlsfield,earlwood,early,easington,easington,easingwold,easley,east alton,east angus,east atlantic beach,east aurora,east ballina,east bernard,east berwick,east bethel,east brainerd,east brewton,east bridgewater,east bronson,east brunswick,east calder,east chattanooga,east chicago,east cleveland,east concord,east dennis,east dereham,east douglas,east dublin,east dundee,east end,east falmouth,east farmingdale,east flat rock,east florence,east foothills,east freehold,east fremantle,east gaffney,east garden city,east glenville,east gosford,east grand forks,east grand rapids,east greenbush,east greenville,east greenwich,east grinstead,east haddam,east hampton,east hampton,east hampton north,east hanover,east harling,east hartford,east harwich,east haven,east helena,east hemet,east highland park,east hill-meridian,east hills,east hills,east horsley,east independence,east islip,east ithaca,east jerusalem,east jordan,east kilbride,east la mirada,east lake,east lake-orient park,east lansdowne,east lansing,east leake,east linton,east lismore,east liverpool,east london,east longmeadow,east los angeles,east maitland,east massapequa,east mckeesport,east meadow,east melbourne,east merrimack,east migpulao,east millcreek,east milton,east missoula,east molesey,east moline,east moriches,east new york,east newark,east norriton,east northport,east norwalk,east norwich,east oakdale,east orange,east palestine,east palo alto,east pasadena,east patchogue,east peckham,east pensacola heights,east peoria,east pepperell,east perrine,east petersburg,east point,east port orchard,east porterville,east prairie,east providence,east quincy,east quogue,east rancho dominguez,east renton highlands,east richmond heights,east ridge,east riverdale,east rochester,east rockaway,east rockingham,east rutherford,east saint louis,east san gabriel,east sandwich,east setauket,east shoreham,east sonora,east stroudsburg,east syracuse,east tawas,east troy,east uniontown,east valencia,east washington,east wenatchee,east wenatchee bench,east williston,east wittering,east york,eastbourne,eastchester,eastern heights,eastgate,eastham,easthampton,eastlake,eastland,eastlawn gardens,eastleigh,eastman,easton,easton,easton,easton,easton,easton-in-gordano,eastover,eastpoint,eastpointe,eastry,eastwood,eastwood,eastwood,eaton,eaton,eaton,eaton bray,eaton rapids,eaton socon,eatonton,eatontown,eatonville,eatonville,eau claire,eaubonne,eaunes,eauze,ebbs,ebbw vale,ebcor town,ebebiyin,ebejico,ebeleben,ebelsbach,ebeltoft,ebendorf,ebensburg,ebensee,ebensfeld,ebenthal,eberbach,eberdingen,eberhardzell,ebermannsdorf,ebermannstadt,eberndorf,ebersbach,ebersbach,ebersbach an der fils,ebersberg,ebersdorf,ebersheim,eberstadt,eberswalde,ebes,ebetsu,ebhausen,ebikon,ebish,ebmatingen,ebnat-kappel,eboli,ebolowa,ebreichsdorf,ebringen,ebstorf,ebute ikorodu,ecaillon,ecatepec,ecatzingo de hidalgo,ecaussinnes-denghien,eccles,eccleshall,eceabat,ech chettia,echague,echallens,echarri-aranaz,echelon,echenoz-la-meline,echillais,eching,eching,echire,echirolles,echternach,echuca,echzell,ecija,ecilda paullier,ecka,eckbolsheim,eckernforde,eckersdorf,ecommoy,economy,ecoporanga,ecorse,ecouen,ecouflant,ecquevilly,ecroignard,ecrouves,ecsed,ecser,ecuandureo,ecublens,ecublens,ecuelles,ecully,ed,ed damer,edakkulam,edam,edcouch,edd,eddington,eddington,eddystone,eddyville,ede,edea,edegem,edeia,edeleny,edelsfeld,edemissen,eden,eden,eden,eden,eden,eden,eden isle,eden prairie,edenbridge,edenderry,edenfield,edenkoben,edenton,edern,ederveen,edesheim,edessa,edewecht,edgard,edgecliff village,edgefield,edgemere,edgemont park,edgemoor,edgerton,edgerton,edgewater,edgewater,edgewater,edgewater,edgewater park,edgewood,edgewood,edgewood,edgewood,edgewood,edgewood,edgewood,edgewood,edina,edinboro,edinburg,edinburgh,edinburgh,edinet,edingen-neckarhausen,edirne,edison,edissiya,edisto,edmond,edmonds,edmonton,edmundston,edna,edneyville,edolo,edosaki,edremit,edsbyn,edson,eduardo castex,edwards,edwards air force base,edwardsville,edwardsville,edwardsville,edwinstowe,eefde,eeklo,eerbeek,eersel,effeltrich,effingham,effium,effon alaiye,effort,effretikon,effretikon / watt,efkarpia,eflani,eforie sud,efringen-kirchen,egana,egbe,egeln,egelsbach,egenhausen,egenhofen,eger,egerkingen,egersund,egerszalok,egestorf,egestorf,egg,egg harbor city,eggebek,eggenfelden,eggenstein-leopoldshafen,eggersriet,eggertsville,eggesin,eggiwil,egglham,eggolsheim,eggstatt,egham,eghezee,egil,egilsstadir,eging,egirdir,egletons,eglin air force base,eglin village,egling,egling,eglinton,eglinton,egloffstein,egly,egmating,egmond aan zee,egna,egnach,egra,egremont,egreville,egtved,egues-uharte,eguia,eguilles,egvekinot,egyek,egypt,egypt lake-leto,eha amufu,ehekirchen,ehingen,ehningen,ehrenfriedersdorf,ehringshausen,eibar,eibau,eibelstadt,eibenstock,eibergen,eichenau,eichenbuhl,eichendorf,eichenried,eichenzell,eichstatt,eichstetten,eichwalde,eicklingen,eidelstedt,eidson road,eielson air force base,eigeltingen,eijsden,eiken,eil,eilabun,eilat,eilenburg,eilsleben,eime,eimeldingen,eimsbuettel,einbeck,eindhoven,einhausen,einsiedeln,eirinoupoli,eirunepe,eiselfing,eisen,eisen,eisenach,eisenbach,eisenberg,eisenberg,eisenerz,eisenhuettenstadt,eisenstadt,eisfeld,eisingen,eisingen,eisiskes,eislingen,eita village,eitelborn,eiterfeld,eitorf,eitting,eixample,eixo,ejby,ejby,ejea de los caballeros,ejido,ejido el largo,ejigbo,ejirin,ejmiatsin,ejura,ejutla de crespo,ekali,ekangala,ekazhevo,ekenaes,ekeroe,eket,ekhinos,ekibastuz,ekpoma,eksere,eksjoe,ekuvukeni,el abadia,el abiodh sidi cheikh,el achir,el adelanto,el affroun,el aguila,el aguilar,el aioun,el alamo,el alcazar,el almendro,el alto,el amria,el angel,el aouinet,el arahal,el arenal,el arenal,el asintal,el astillero,el attaf,el ayote,el bagre,el banco,el barco de avila,el battan,el bauga,el bolson,el bonillo,el bordo,el bosque,el bosque,el burgo de osma,el burrion,el cacao,el cafetal,el cairo,el cajon,el calafate,el campello,el campo,el caney,el canton de san pablo,el carmen,el carmen,el carmen de bolivar,el carpio,el carpio de tajo,el carril,el carril,el carrizo,el casar,el castillo,el castillo,el castillo,el cenizo,el centro,el cerrito,el cerrito,el cerrito,el cerro,el cerro de andevalo,el charco,el chol,el ciruelo,el coacoyul,el cobre,el coco,el cocuy,el colomo,el colorado,el colorado,el congo,el copey,el coronil,el corrillo,el coyote,el crucero,el crucero de santa maria,el doncello,el dorado,el dorado,el dorado,el dorado hills,el dorado springs,el dovio,el ejido,el entrego,el escorial,el espinal,el estor,el eulma,el factor,el fahs,el fasher,el franco,el fuerte,el fureidis,el galpon,el gastor,el geneina,el golaa,el gouna,el granada,el grullo,el guamo,el guayabal,el hadjar,el hadjira,el hajeb,el hamma,el haouaria,el hatillo,el hed,el higo,el hoyo,el hoyo de pinares,el idrissia,el jadida,el jebel,el jem,el jicaro,el kala,el kef,el khroub,el kseur,el ksour,el lago,el limon,el limon,el llano,el llano,el llano,el maamoura,el maiten,el malah,el mango,el mante,el masnou,el matama,el mazraa,el mida,el milagro,el mirage,el mochito,el molar,el molino,el monte,el monte,el naranjo,el negrito,el nido,el nispero,el obeid,el ocote,el ocotito,el oro de hidalgo,el palmar,el palmar,el paraiso,el pardo,el paso,el paso,el paso,el paso,el paujil,el penol,el penon,el penon,el perello,el pino,el pinon,el pla de santa maria,el plan,el playon,el portal,el porvenir,el porvenir,el porvenir,el prat de llobregat,el progreso,el progreso,el progreso,el provencio,el pueblito,el puerto,el puerto de santa maria,el quebrachal,el quetzal,el quince,el realejo,el refugio,el reno,el reten,el retiro,el retorno,el rio,el roble,el rosal,el rosario,el rosario,el rosario,el rosario,el rosario,el rubio,el salto,el salto,el salvador,el sauce,el saucejo,el sauz,el sauzal,el segundo,el soberbio,el sobrante,el suyatal,el tablon,el tambo,el tambo,el tarra,el tejar,el tejar,el tiemblo,el tigre,el tobarito,el toboso,el tocuyo,el transito,el trebol,el triunfo,el triunfo,el triunfo de la cruz,el tular,el tular,el tumbador,el valle,el varadero,el vendrell,el verano,el verde,el viejo,el vigia,el viso,el viso de san juan,el viso del alcor,el volo,el zapotal,el zapotal del norte,el zulia,elamanchili,elancourt,elassona,elateia,elayirampannai,elazig,elba,elbasan,elberton,elbeuf,elbeyli,elbeyli,elbingerode,elbistan,elblag,elbrus,elburg,elburn,elche,elche de la sierra,elda,eldama ravine,eldersburg,elderslie,eldingen,eldivan,eldon,eldora,eldorado,eldorado,eldorado,eldorado at santa fe,eldoret,eldridge,electra,eleebana,eleele,elefsina,eleftheroupolis,elek,elektrenai,elektrogorsk,elektrostal,elektrougli,elele,elemir,elena,elena,eleousa,elesbao veloso,eleskirt,eleu-dit-leauwette,elfers,elfershausen,elgg,elgg / staedtchen und umgebung,elgin,elgin,elgin,elgin,elgin,elgoibar,elias fausto,elida,elim,elimaki,elin pelin,elin-yurt,eliot,elista,elixir,elizabeth,elizabeth,elizabeth city,elizabethton,elizabethtown,elizabethtown,elizabethtown,elk,elk city,elk grove,elk grove village,elk plain,elk point,elk ridge,elk river,elkford,elkhart,elkhart,elkhorn,elkhorn,elkhovo,elkin,elkins,elkins,elko,elko new market,elkridge,elkton,elkton,elkton,elland,ellefeld,ellenabad,ellensburg,ellenton,ellenville,ellerau,ellerbek,ellerstadt,ellesmere,ellesmere port,ellettsville,ellezelles,ellhofen,elliant,ellicott city,ellingen,ellington,elliniko,ellinwood,elliot,elliot lake,ellis,ellisburg,ellisras,ellisville,ellisville,ellon,ellrich,ellsworth,ellsworth,ellsworth,ellwangen,ellwood city,elm creek,elm grove,elm park,elma,elma center,elmadag,elmali,elmas,elmenhorst,elmenhorst,elmhurst,elmina,elmira,elmira heights,elmont,elmsford,elmshorn,elmstein,elmswell,elmwood,elmwood,elmwood park,elmwood park,elmwood place,elne,eloi mendes,elon,elorrio,elorz,eloszallas,eloy,eloyes,elroy,els banys darles,elsa,elsberry,elsdorf,elsdorf,elsendorf,elsenfeld,elsenham,elsfleth,elsloo,elsmere,elsmere,elst,elstead,elster,elsterberg,elsternwick,elsterwerda,elstra,elterlein,eltham,elton,eltville,elumalai,elur,eluru,elva,elvas,elven,elverta,elverum,elwood,elwood,elwood,elwood,elxleben,ely,ely,ely,elyakhin,elyria,elysburg,elz,elzach,elze,elze,emajagua,emar,emba,embalenhle,embalse,embarcacion,embi,emboscada,embrach,embrach / embrach (dorfkern),embrun,embsen,embu,embu,embu guacu,emden,emerainville,emerald,emerald isle,emerald lake hills,emerald lakes,emerson,emeryville,emet,emigsville,emiliano zapata,emiliano zapata,emiliano zapata,eminabad,eminence,emirdag,emirgazi,emlichheim,emmaboda,emmaus,emmaus,emmeloord,emmelshausen,emmen,emmen,emmendingen,emmer-compascuum,emmerich,emmerin,emmering,emmetsburg,emmett,emmiganuru,emmingen-liptingen,emmitsburg,emneth,emod,empalme,empalme escobedo,empalme olmos,empangeni,empfingen,empire,empire bay,empoli,emporeio,emporia,emporia,emporium,empuriabrava,emsburen,emsdetten,emskirchen,emst,emstek,emsworth,emsworth,emure-ekiti,encamp,encantada-ranchito-el calaboz,encantado,encarnacion,encarnacion de diaz,enchanted hills,encheng,encinas reales,encinitas,encounter bay,encrucijada,encruzilhada,encruzilhada do sul,encs,encsencs,endasak,ende,enderby,enderby,endicott,endine gaiano,endingen,endirey,endwell,enego,enem,energeticheskiy,energetik,energodar,enetai,enez,enfield,enfield,engadine,engel-yurt,engelberg,engels,engelsberg,engelsbrand,engelskirchen,engen,engenheiro beltrao,enger,engerwitzdorf,enghien,enghien-les-bains,engis,england,englewood,englewood,englewood,englewood,englewood cliffs,enguera,enid,eningen unter achalm,enjitsu,enkenbach-alsenborn,enkhuizen,enkoping,enna,ennenda,ennepetal,ennery,ennetburgen,ennevelin,ennezat,ennigerloh,ennis,ennis,enniscorthy,enniskerry,enniskillen,enns,eno,enoch,enochville,enola,enon,enon,enontekioe,enrile,enriquillo,ens,enschede,ensdorf,ensdorf,ensenada,enshi,ensisheim,ensley,ensues-la-redonne,entablado,entebbe,enterprise,enterprise,enterprise,enthavi,entlebuch,entraigues-sur-la-sorgue,entrammes,entre rios,entre rios,entrerrios,entroncamento,entzheim,enugu,enugu-ezike,enugu-ukwu,enumclaw,envermeu,envigado,envira,enyerhyetykaw,enying,enzan,epagny,epalinges,epanomi,epe,epe,eperlecques,epernay,epernon,epfenbach,epfendorf,epfig,ephraim,ephrata,ephrata,epila,epinac,epinal,epinay-sous-senart,epinay-sur-orge,epinay-sur-seine,episkopi,epitalion,epone,epouville,eppelborn,eppelheim,eppendorf,eppertshausen,eppeville,epping,epping,eppingen,eppstein,epsom,epsom,epworth,epworth,eqbaliyeh,equeurdreville-hainneville,equihen-plage,er reina,eraan,eraclea,eragny,eral,erandio,erandol,eraniel,erath,erattupetta,eravur town,erba,erbaa,erbach,erbach,erbendorf,erbiceni,erbil,erbray,erbusco,erchie,ercis,ercolano,ercsi,erd,erda,erdaojiang,erdek,erdemli,erdenet,erdeven,erding,erdmannhausen,erdokertes,erdotelek,erdweg,erechim,eregli,eregli,eremitu,erenas,eretria,erezee,erfde,erfelek,erftstadt,erfurt,ergani,ergolding,ergoldsbach,ergue-gaberic,erice,ericeira,erie,erie,eriksberg,erina,eriskirch,erkelenz,erkenbrechtsweiler,erkheim,erkner,erkrath,erlands point-kitsap lake,erlangen,erlanger,erlau,erlen,erlenbach,erlenbach,erlenbach,erlenbach am main,erlensee,erligheim,erma,ermatingen,ermelo,ermelo,ermenek,ermezinde,ermioni,ermita,ermitagana,ermont,ermoupolis,ermua,erndtebruck,ernee,ernei,erode,erolzheim,erp,erpel,erpeli,erquelinnes,erquinghem-lys,erquy,erraguntla,errenteria,ersekcsanad,erseke,ersekvadkert,erskine,erstein,erstfeld,ertil,ertingen,ertis,eruh,erumaippatti,erwin,erwin,erwinville,erwitte,erythres,erzhausen,erzin,erzin,erzincan,erzurum,es castell,es mercadal,es senia,esanatoglia,esbjerg,esbly,escacena del campo,escada,escalante,escalaplano,escalerillas,escalon,escalona,escalquens,escanaba,escarcega,escatawpa,escaudain,escaudoeuvres,escautpont,escazu,esch-sur-alzette,eschau,eschau,eschborn,escheburg,eschede,eschelbronn,eschen,eschenbach,eschenbach,eschershausen,eschlikon,eschlkam,escholzmatt,eschwege,eschweiler,escondido,escuinapa de hidalgo,escuintla,escuintla,eseka,eselnita,esenler,esens,esenyurt,esfahan,esfarayen,esh sheikh dannun,esher,eshowe,esigodini,esik,esikhawini,esil,esine,eskhar,eskilstuna,eskisehir,eskoriatza,eslarn,eslohe,eslov,esme,esmeralda,esmeralda,esmeraldas,esmoriz,esnandes,esneux,espalion,espaly-saint-marcel,espana,espanola,espanola,esparreguera,espartinas,esparto,esparza,espejo,espelette,espelkamp,espenau,espenhain,espera,espera feliz,esperalvillo,esperanca,esperance,esperance,esperance trebuchet,esperantina,esperantinopolis,esperanza,esperanza,esperanza,esperanza,esperanza,esperanza,esperanza,esperanza,esperanza,esperanza,esperanza,esperanza este,esperaza,espergaerde,esperia,espiel,espinal,espinho,espinosa,espinosa de los monteros,espirito santo do pinhal,espiritu,espita,espiye,esplanada,esplugues de llobregat,espoo,esporles,esposende,esposende,espumoso,esqueda,esquel,esquelbecq,esquina,esquipulas,esquivias,essaouira,essau,esse,esselbach,essen,essen,essen,essenbach,essenheim,essert,essex,essex fells,essex junction,essex village,essexville,essey-les-nancy,essingen,essingen,essington,esslingen,esso,essomes-sur-marne,essoyla,estaca,estacada,estacion,estacion coahuila,estacion de cartama,estagel,estaimpuis,estaires,estancia,estancia,estancia,estancia velha,estancias de florida,estanislao del campo,estanzuela,estavayer-le-lac,este,estebania,estefania,esteio,esteli,estella,estelle,estenfeld,estepa,estepona,ester,esterhazy,estero,esterwegen,estes park,estevan,estherville,estill,estill springs,estinnes-au-val,estipona,estombar,estoril,estrablin,estrees-saint-denis,estreito,estrela,estrella,estrella,estremoz,esuk oron,esvres,esztergom,et taiyiba,etables-sur-mer,etain,etalle,etampes,etang-sur-arroux,etaples,etaules,etawa,etawah,etchojoa,etchoropo,ete,etel,eten,etinan,etiolles,etival-clairefontaine,etival-les-le-mans,etna,etobicoke,etoile-sur-rhone,etoka,eton,etowah,etowah,etrechy,etrelles,etrepagny,etropole,etruria,ettaiyapuram,ettalong,ettalong beach,ettelbruck,ettenheim,ettingen,ettlingen,ettrick,ettringen,ettringen,etupes,etwall,etyek,etzatlan,eu,eucalyptus hills,euclid,euclides da cunha,eudora,eudora,euerbach,eufaula,eufaula,eugene,euharlee,euless,eunice,eunice,eupen,eupilio,eupora,eura,eurajoki,eurasburg,eureka,eureka,eureka,eureka,eureka springs,eusebio,eusebio ayala,euskirchen,eussenheim,eustaquio lopez,eustis,eutaw,eutin,eutingen,euxton,evangelista,evans,evans,evans head,evansburg,evansdale,evanston,evanston,evansville,evansville,evansville,evart,evciler,eveleth,even yehuda,evendale,evenos,evensk,everett,everett,evergem,evergreen,evergreen,evergreen,evergreen,evergreen park,everman,eversley,everson,everswinkel,evesham,evian-les-bains,evijarvi,evilard,evin-malmaison,evinayong,evjen,evora,evren,evreux,evron,evropos,evry,ewa beach,ewa gentry,ewa villages,ewarton,ewell,ewing,ewo,excelsior,excelsior springs,exeter,exeter,exeter,exeter,exeter,exhall,exincourt,exminster,exmouth,experiment,exton,extrema,extremoz,exu,eybens,eydelstedt,eydhafushi,eye,eyemouth,eygalieres,eyguieres,eyl,eymet,eymoutiers,eynesil,eynsford,eynsham,eyota,eyragues,eysines,eystrup,eyzin-pinet,ezanville,ezcaray,eze,ezequiel montes,ezerelis,ezhou,ezhva,ezine,ezy-sur-eure,ezza ohu