faaa,faaborg,faanui,fabbrico,fabens,fabero,fabiansebestyen,fabregues,fabriano,fabrica,fabrica di roma,fabrizia,fabro,facaeni,facatativa,faches-thumesnil,fada ngourma,fadd,faedis,faenza,faerjestaden,fafe,fagagna,fagersta,fagerstrand,faget,faggiano,fagnano castello,fagnano olona,fagnieres,fagundes,fahmah,fahrdorf,fahrenbach,fahrenzhausen,faicchio,failsworth,faimes,fains-veel,fair haven,fair haven,fair lawn,fair oaks,fair oaks,fair oaks ranch,fair plain,fairbanks,fairbanks ranch,fairborn,fairburn,fairbury,fairbury,fairchance,fairchild air force base,fairdale,fairdale,fairfax,fairfax,fairfax,fairfax,fairfax station,fairfield,fairfield,fairfield,fairfield,fairfield,fairfield,fairfield,fairfield,fairfield,fairfield,fairfield bay,fairfield glade,fairfield harbour,fairford,fairhaven,fairhope,fairland,fairlawn,fairlawn,fairlawn,fairless hills,fairmont,fairmont,fairmont,fairmont,fairmont city,fairmount,fairmount,fairmount,fairmount,fairplains,fairport,fairport harbor,fairview,fairview,fairview,fairview,fairview,fairview,fairview,fairview,fairview,fairview,fairview,fairview,fairview,fairview,fairview heights,fairview park,fairview shores,fairview-ferndale,fairway,fairwood,fairwood,fairy meadow,faisalabad,faizabad,faizpur,faja de baixo,fajardo,fakel,fakenham,fakse,fakse ladeplads,falaise,falakata,falam,falan,falanna,falcade,falces,falciano del massico,falciu,falck,falcoiu,falcon heights,falconara marittima,falcone,falconer,faleniu,falenki,falerna,falerone,falesti,faleula,falfurrias,faliraki,falkenau,falkenberg,falkenberg,falkenberg,falkenberg,falkenhain,falkensee,falkenstein,falkenstein,falkirk,falkoeping,fall city,fall river,fallanden,fallbrook,fallingbostel,fallon,fallowfield,falls church,falls city,fallston,falmouth,falmouth,falmouth,falmouth,falmouth,faloppio,falset,falticeni,falun,falzes,famagusta,famailla,famars,fambach,fameck,famoes,famy,fanano,fandriana,fangjiazhuang,fangshan,fanipol,fannett,fannie bay,fano,fantanele,fantanele,fantanele,fantanele,fantino,fanwood,fanzeres,fanzhuangzi,faqirwali,faqquah,faqus,fara filiorum petri,fara gera dadda,fara in sabina,fara novarese,fara vicentino,farad,farafangana,farafenni,farah,farah,farakka,faranah,faraoani,farap,farasan,faraskur,faratsiho,farcasa,farcasa,farcasele,farcasesti,farcasu,farchant,farciennes,farebersviller,fareham,faremoutiers,fargo,fargona,farias brito,faribault,faridabad,faridkot,faridnagar,faridpur,faridpur,farim,faringdon,farkaslyuk,farkhar,farkhor,farliug,farmer city,farmers branch,farmersville,farmersville,farmerville,farmingdale,farmingdale,farmington,farmington,farmington,farmington,farmington,farmington,farmington,farmington,farmington,farmington,farmington,farmington,farmington hills,farmingville,farmos,farmsen-berne,farmville,farmville,farmville,farnborough,farndon,farnham,farnham,farnham royal,farnsfield,farnworth,faro,farr west,farra dalpago,farra di soligo,farragut,farrell,farrokh shahr,farroupilha,farrukhabad,farrukhnagar,farrukhnagar,farsala,farsan,farshut,farso,farsund,fartatesti,fartura,faruka,farum,farun,fasa,fasano,fasitoouta,fasnia,fassberg,fastiv,fastovetskaya,fate,fatehabad,fatehabad,fatehganj west,fatehgarh,fatehgarh churian,fatehpur,fatehpur,fatehpur,fatehpur chaurasi,fatehpur sikri,fatezh,fatikchari,fatikli,fatima,fatsa,fatwa,fauglia,faulbach,fauldhouse,faulquemont,faumont,faura,faurei,faurei,fauresti,fauske,fauville-en-caux,fauvillers,favara,faverges,faversham,favignana,favria,faxinal,fay-aux-loges,fay-de-bretagne,fayaoue,fayence,fayette,fayette,fayetteville,fayetteville,fayetteville,fayetteville,fayetteville,fayetteville,fayetteville,fayzabad,fazalpur,fazana,fazeley,fazendas de almeirim,fazilka,feanwalden,fearrington village,feasterville,feather sound,featherstone,featherstone,fecamp,fechain,fedderwarden,federacion,federal,federal heights,federal way,federalsburg,fedorovka,fedorovka,fedorovskoye,fegersheim,fegreac,fegyvernek,fehergyarmat,fehmarn,fehraltorf,fehrbellin,feicheng,feicheng,feignies,feijo,feilitzsch,feillens,feiluan,feira,feira de santana,feira nova,feke,felahiye,felanitx,feldafing,feldbach,felde,feldioara,feldkirch,feldkirchen,feldkirchen an der donau,feldkirchen in karnten,feldkirchen-westerham,feldmeilen,feldru,feldstadt,feleacu,felege neway,feletto,feliceni,feliciano,felida,felino,felipe carrillo puerto,felipe carrillo puerto,felipe yofre,felixstowe,felizzano,fell,fellbach,felletin,felling,fellsmere,felnac,felsberg,felsberg,felsopakony,felsoszentivan,felsotarkany,felsozsolca,felton,feltre,feltwell,fenain,fene,fenegro,fengcheng,fenghua,fenghuang,fengkou,fengpu,fengrun,fengtai,fengxian,fengxiang,fengzhou,feni,fennimore,fenoarivo atsinanana,fenoarivo be,fenouillet,fensmark,fenton,fenton,fenyeslitke,fenyi,feodosiya,feraoun,ferapontovo,ferdinand,ferdinandovac,ferdinandshof,fere-champenoise,fere-en-tardenois,ferel,ferentillo,ferentino,feres,fereydun kenar,fereydunshahr,fergus falls,ferguson,ferizaj,ferizli,ferkessedougou,ferla,ferlach,ferma,ferme-neuve,fermignano,fermo,fermont,fermoy,fern creek,fern park,fernan-nunez,fernandina beach,fernando de la mora,fernando de noronha (distrito estadual),fernandopolis,ferndale,ferndale,ferndale,ferndale,ferndown,ferney-voltaire,fernhill heath,fernie,fernley,ferno,ferntree gully,fernway,ferokh,feroleto antico,ferrandina,ferrara,ferraz de vasconcelos,ferrazzano,ferreira,ferreira do alentejo,ferreiras,ferreiros,ferrenafe,ferreries,ferriday,ferrier,ferriere,ferriere-la-grande,ferris,ferrol,ferrum,ferry pass,ferryhill,ferrysburg,fershampenuaz,fertod,fertorakos,fertoszentmiklos,ferwert,ferzikovo,fes,fesches-le-chatel,fessenheim,festus,fetesti,fethiye,fetsund,fetters hot springs-agua caliente,feucherolles,feucht,feuchtwangen,feuerthalen,feuquieres-en-vimeu,feurs,feusisberg,fevik,fexhe-le-haut-clocher,feytiat,feyzin,fgura,fiaes,fiambala,fianarantsoa,fiano,fiano romano,ficarazzi,ficarolo,fiche,fichtelberg,fichtenberg,fichtenwalde,fidenza,fiditi,fie allo sciliar - voels am schlern,fieberbrunn,fieni,fier,fier-cifci,fiesole,fiesse,fiesso dartico,fiesso umbertiano,fife,fife heights,fifth street,figanieres,figeac,figino serenza,figline valdarno,figueira da foz,figueiro,figueras,figueres,figuig (centre),filadelfia,filadelfia,filadelfia,filago,filakovo,filandia,filattiera,filderstadt,filer,filey,filiano,filiasi,filiates,filiatra,filimonovo,filingue,filipeni,filipesti,filipestii de padure,filipestii de targ,filipow,filipowice,filippiada,filipstad,filiro,fillinges,fillmore,fillmore,filomeno mata,filottrano,filsum,finale emilia,finale ligure,finana,finderne,findlay,findon,finedon,fines,finestrat,finike,finis,finkenstein am faaker see,finley,finley,finnentrop,finneytown,finningley,finnsnes,fino mornasco,finote selam,finsing,finspang,finsterwalde,finstroem,finta mare,fintel,fiorano al serio,fiorano modenese,fiorentino,fiorenzuola darda,fira,firavitoba,fircrest,firebaugh,firenze,firenzuola,firestone,firgas,firmat,firmi,firminopolis,firminy,firmo,firovo,firozabad,firozpur,firozpur jhirka,firsanovka,firthcliffe,firuzabad,fischach,fischamend dorf,fischbachau,fischingen,fisciano,fish hawk,fish town,fishburn,fishers,fishersville,fishguard,fishhook,fishkill,fiskdale,fisksatra,fismes,fisterra,fitchburg,fitchburg,fitero,fitionesti,fittja,fitz-james,fitzgerald,fitzwilliam,fitzwilliam,fiuggi,fiume veneto,fiumefreddo bruzio,fiumefreddo di sicilia,fiumicello,fiumicino,five corners,five forks,fivizzano,fizesu gherlii,fjaeras kyrkby,fjerritslev,fjugesta,fkih ben salah,flachslanden,fladungen,flagler beach,flagstaff,flamatt,flanders,flandes,flandreau,flassans-sur-issole,flat river,flat rock,flat rock,flateby,flatwoods,flavigny-sur-moselle,flavin,flawil,flayosc,fleac,fleet,fleetwood,fleetwood,flein,flekkefjord,flemalle-haute,flemingsburg,flemington,flen,flensburg,flero,fleron,flers,flers-en-escrebieux,flesselles,fletcher,fleurance,fleurbaix,fleurier,fleurines,fleurus,fleury,fleury-les-aubrais,fleury-merogis,fleury-sur-andelle,fleury-sur-orne,fleville-devant-nancy,flexbury,flexeiras,flic en flac,flieden,flims,flin flon,flinders,flinders view,flines-lez-raches,flins-sur-seine,flint,flint,flintbek,flintsbach,flitwick,flix,flixecourt,flobecq,floha,floing,floirac,flonheim,flora,flora,flora,flora vista,floral city,floral park,florala,florange,floreffe,florence,florence,florence,florence,florence,florence,florence,florence,florence-graham,florencia,florencio sanchez,florennes,florensac,florentino ameghino,florenville,flores,flores,flores,flores costa cuca,flores da cunha,floresta,floresti,floresti,floresti,floresti,florestopolis,floresville,florham park,floriana,floriano,florianopolis,florida,florida,florida,florida,florida,florida,florida city,florida ridge,floridablanca,floridia,florin,florina,floris,florissant,floro,florsheim,florstadt,floss,flossmoor,flourtown,flower hill,flower mound,flowery branch,flowing wells,flowood,floydada,flueelen,fluhli,flumeri,fluminimaggiore,flums,flushing,flying fish cove,flying hills,fobes hill,foca,foca,fochville,fockbek,focsani,focuri,foecy,fogarasch,foggia,foglas,foglianise,fogliano redipuglia,foglizzo,fohnsdorf,fohren,foiano della chiana,foindu,foios,foix,fojnica,foki,fokino,folcroft,foldeak,foldes,foley,foley,folgaria,folgaria nel friuli,folignano,foligno,folkestone,folkston,follainville-dennemont,follansbee,follina,follo,follonica,folly beach,folschviller,folsom,folsom,foltesti,fomboni,fomento,fomeque,fonbeauzard,fond des blancs,fond du lac,fond du sac,fond parisien,fond verrettes,fondettes,fondi,fonni,fonsagrada,fonseca,fonsorbes,fontaine,fontaine-la-mallet,fontaine-le-comte,fontaine-les-dijon,fontainebleau,fontaines,fontaines-saint-martin,fontaines-sur-saone,fontana,fontana,fontana liri,fontanarosa,fontanella,fontanellato,fontanelle,fontaneto dagogna,fontanil-cornillon,fontaniva,fontanka,fontcouverte,fonte,fonte boa,fontem,fontenay-aux-roses,fontenay-le-comte,fontenay-le-fleury,fontenay-sous-bois,fontenay-tresigny,fontenilles,fontevivo,fontoy,fontvieille,fontvieille,fontwell,fonyod,fonzaso,foothill farms,foothill ranch,forano,forasti,forbach,forbach,forbes,forbesganj,forcalquier,forchheim,forchtenberg,ford city,ford city,ford heights,forde,forderstedt,fordingbridge,fordon,fords,fords prairie,fordyce,forecariah,forenza,forest,forest,forest acres,forest city,forest city,forest city,forest city,forest glen,forest grove,forest heights,forest hill,forest hill,forest hill,forest hills,forest hills,forest hills,forest lake,forest oaks,forest park,forest park,forest park,forest row,forestbrook,forestdale,forestdale,foresto sparso,forestville,forestville,forestville,forestville,forestville,forfar,forges-les-bains,forges-les-eaux,forino,forino,forio,foritz,forked river,forks,forlev,forli,forlimpopoli,formby,formello,formentera de segura,formerie,formia,formiga,formigine,formignana,formosa,formosa,formosa do rio preto,fornelli,fornelos de montes,forney,forno canavese,forno di zoldo,fornosovo,fornovo di taro,fornovo san giovanni,foros,forquilha,forquilhinha,forraskut,forres,forrest city,forresters beach,forropuszta,forserum,forshaga,forslov,forssa,forst,forst,forster,forstinning,forsyth,forsyth,forsyth,fort abbas,fort atkinson,fort beaufort,fort belvoir,fort bliss,fort bragg,fort bragg,fort branch,fort campbell north,fort carson,fort collins,fort dauphin,fort defiance,fort dix,fort dodge,fort drum,fort edward,fort erie,fort frances,fort george g mead junction,fort gibson,fort gloster,fort hall,fort hood,fort hunt,fort irwin,fort kent,fort knox,fort lauderdale,fort lee,fort lee,fort lee,fort leonard wood,fort lewis,fort liberte,fort lupton,fort macleod,fort madison,fort mckinley,fort mcmurray,fort meade,fort meade,fort mill,fort mitchell,fort morgan,fort myers,fort myers beach,fort myers shores,fort nelson,fort oglethorpe,fort payne,fort pierce,fort pierce north,fort pierce south,fort pierre,fort plain,fort polk north,fort polk south,fort portal,fort riley north,fort rucker,fort salonga,fort saskatchewan,fort scott,fort shawnee,fort smith,fort st. john,fort stewart,fort stockton,fort thomas,fort valley,fort walton beach,fort washington,fort washington,fort wayne,fort william,fort worth,fort wright,fort-coulonge,fort-de-france,fort-mardyck,fort-shevchenko,fortaleza,forte dei marmi,forth,fortin de las flores,fortuna,fortuna,fortuna,fortuna,fortuna foothills,fortuneswell,fortville,forty fort,fos-sur-mer,fosdinovo,fosforitnyy,foshan,foso,fossacesia,fossalta di piave,fossalta di portogruaro,fossambault-sur-lac,fossano,fossato di vico,fosses,fosses-la-ville,fosso,fossombrone,foster,foster city,fostoria,fot,fouesnant,foug,fougamou,fougeres,fougerolles,fouillard,foulayronnes,foumban,foumbot,foumbouni,foundiougne,founex,fountain,fountain hill,fountain hills,fountain inn,fountain valley,fountainebleau,fountainhead-orchard hills,fouquieres-les-lens,four corners,four corners,four corners,four corners,four corners,four marks,four oaks,four seasons,fouras,fourchambault,fourmies,fournes-en-weppes,fourques,fourqueux,fowey,fowler,fowler,fowlerville,fox chapel,fox creek,fox farm-college,fox island,fox lake,fox lake hills,fox point,fox river grove,fox run,foxborough,foxton,foz,foz do iguacu,foz do sousa,frackville,fraga,fragagnano,fragneto monforte,fraijanes,fraile pintado,fraisses,fraize,fram,frameries,framingham,framingham center,framlev,framlingham,frammersbach,franca,francavilla al mare,francavilla angitola,francavilla di sicilia,francavilla fontana,francavilla in sinni,francavilla marittima,francesti,franceville,francheville,francisco beltrao,francisco morato,francisco pizarro,francisco sa,francisco villa,francistown,francisville,franco da rocha,francofonte,francolise,franconia,franconville,franeker,frankenau,frankenberg,frankenberg,frankenburg,frankenmarkt,frankenmuth,frankenthal,frankfort,frankfort,frankfort,frankfort,frankfort square,frankfurt (oder),frankfurt am main,frankisch-crumbach,franklin,franklin,franklin,franklin,franklin,franklin,franklin,franklin,franklin,franklin,franklin,franklin,franklin,franklin,franklin lakes,franklin park,franklin park,franklin square,franklinton,franklinton,frankston east,franquez,frans,frantiskovy lazne,frascati,frascineto,frasdorf,fraser,fraserburgh,frasin,frasinet,frasnes-lez-buissenal,frassinoro,frasso telesino,frata,fratautii noi,fratautii vechi,fratesti,fratta polesine,frattamaggiore,frattaminore,frauenau,frauenfeld,frauenstein,fraunberg,fraureuth,fray bentos,fray luis a. beltran,fray luis beltran,frazao,frazier park,freamunde,frecatei,frechen,freckleton,freden,fredensborg,fredericia,frederick,frederick,frederick,fredericksburg,fredericksburg,frederickson,fredericktown,fredericktown,frederico westphalen,fredericton,frederiksberg,frederiksberg,frederikshavn,frederikssund,frederiksvaerk,fredonia,fredonia,fredonia,fredonia,fredrikstad,freeburg,freedom,freehold,freeland,freeland,freeland,freemansburg,freeport,freeport,freeport,freeport,freer,freetown,freetown,freetown,fregenal de la sierra,fregona,freguesia do ribeirao da ilha,freha,frei paulo,freiberg,freiberg am neckar,freiburg,freienbach,freiensteinau,freihung,freilassing,freinsheim,freire,freisen,freising,freistadt,freital,frejlev,frejus,frelinghien,fremantle,fremdingen,fremington,fremont,fremont,fremont,fremont,fremont,fremont,french camp,french harbor,french island,frenda,freneuse,frenkendorf,frensdorf,frenstat pod radhostem,frepillon,freren,freshwater,freshwater,fresnay-sur-sarthe,fresnes,fresnes-sur-escaut,fresnillo de gonzalez echeverria,fresno,fresno,fresno,fresnoy-le-grand,fresse-sur-moselle,fressenneville,fretin,freudenberg,freudenberg,freudenberg,freudenstadt,freudental,frevent,frewsburg,freyburg,freyming-merlebach,freystadt,freyung,fria,fribourg,frick,frickenhausen,frickingen,friday harbor,fridingen an der donau,fridley,fridolfing,friedberg,friedberg,friedeburg,friedenweiler,friedersdorf,friedewald,friedland,friedland,friedland,friedrichroda,friedrichsdorf,friedrichshafen,friedrichskoog,friedrichstadt,friedrichsthal,frielendorf,friendly,friendship village,friendship village,friendswood,friesach,friesack,friesoythe,frigento,frigiliana,frignano,frillesas,frimley,frinton-on-sea,friol,friolzheim,friona,frisa,frisco,frisco,fristad,fritch,fritsla,frittlingen,fritz creek,fritzlar,friville-escarbotin,frizington,frodsham,froges,frohburg,frohnleiten,froidchapelle,froideconche,frolovo,frombork,frome,frondenberg,fronhausen,front royal,frontenac,frontenac,frontenay-rohan-rohan,frontenhausen,frontera,frontera,frontera comalapa,frontera hidalgo,frontignan,frontino,fronton,frosinone,frosolone,frossasco,frossay,frosta,frostburg,frostproof,frouard,frouzins,frovi,fruges,fruit cove,fruit heights,fruit hill,fruita,fruitland,fruitland,fruitland,fruitland park,fruitvale,fruitvale,fruitville,frumoasa,frumoasa,frumosu,frumusani,frumusica,frumusita,frunze,frunze,frunzivka,frutal,frutigen,frutillar,fryanovo,fryazevo,fryazino,frycovice,frydek-mistek,frydlant,frydlant nad ostravici,frydrychowice,frystak,fubao,fucecchio,fuchu,fuchu,fuding,fuengirola,fuenlabrada,fuenlabrada de los montes,fuenmayor,fuensalida,fuensanta de martos,fuente de cantos,fuente de oro,fuente de piedra,fuente del maestre,fuente el fresno,fuente el saz,fuente obejuna,fuente palmera,fuente vaqueros,fuente-alamo,fuente-alamo de murcia,fuentealbilla,fuenterrabia,fuentes de andalucia,fuentes de ebro,fuentes de leon,fuerstenfeldbruck,fuerte,fuerte olimpo,fuessen,fugen,fuglebjerg,fuhlsbuettel,fuji,fujieda,fujikawaguchiko,fujin,fujinomiya,fujioka,fujioka,fujisawa,fujishiro,fukagawa,fukaya,fukiage,fukuchiyama,fukue,fukui-shi,fukuma,fukumitsu,fukuoka-shi,fukura,fukuroi,fukushima-shi,fukuyama,fulbourn,fulda,fuldatal,fulga de sus,fuli,fuling,fullarton,fuller heights,fullerton,fullerton,fullinsdorf,fully,fulnek,fulopszallas,fulton,fulton,fulton,fulton,fulton,fulton,fultondale,fumane,fumay,fumel,fumone,funabashi,funafuti,funaishikawa,funchal,fundacion,fundacion,fundao,fundao,fundeni,fundeni,fundong,fundu moldovei,fundulea,funehiki,funes,funes,funes,funes - villnoess,funtua,funza,fuqing,fuquay-varina,furao,furci siculo,furiani,furmanov,furnace green,furnari,furstenau,furstenberg,furstenfeld,furstenstein,furstenwalde,furstenzell,furth,furth,furth,furth im wald,furtwangen im schwarzwald,furukawa,furulund,fusagasuga,fuscaldo,fushan,fushe-arrez,fushe-kruje,fushun,fusignano,fussa,fussels corner,fussgonheim,fussy,fustinana,futtsu,fuveau,fuwah,fuxin,fuxin,fuyang,fuyang,fuyo,fuyu,fuyu,fuyuan,fuyuan,fuzesabony,fuzesgyarmat,fuzhou,fylde,fyli,fyllinge