h. rivera colon,ha dong,ha giang,ha long,ha noi,ha tien,ha tinh,haabneeme,haacht,haag,haag an der amper,haag in oberbayern,haaksbergen,haaltert,haamstede,haan,haapajaervi,haapavesi,haapiti,haapsalu,haar,haarbach,haaren,haarlem,haastrecht,habartov,habay-la-vieille,habbouch,haberfield,habiganj,hablah,habo,habra,habsheim,hachenburg,hachinohe,hachioji,haci zeynalabdin,hacibektas,hacienda,hacienda heights,hacienda huancane,hacienda la calera,hacienda refugio,hacienda santa rosa,hacienda toribio,hacilar,hacipasa,haciqabul,hackenheim,hackensack,hackettstown,hackham,haczow,hadali,hadano,haddenham,haddington,haddon heights,haddonfield,hadejia,hadera,haderslev,hadgaon,hadim,hadithah,hadjout,hadleigh,hadley,hadley,hadley wood,hadlow,hadmersleben,hadol,hadrut,hadsund,hadyach,hadzici,haebaru,haeju,haelen,haellefors,haemeenkoski,haenam,haenigsen,haffouz,hafik,hafizabad,haflong,hafnarfjordur,haftoni,hagatna,hagdan,hage,hagen,hagen am teuteburger wald,hagen im bremischen,hagenbach,hagenburg,hagendorf,hagenow,hagere hiywet,hagere maryam,hagere selam,hagerstown,hagetmau,hagfors,hagglingen,haghartsin,haghig,hagi,hagley,hagnaya,hagondange,hagonoy,haguenau,haguimit,hagunoy,hahira,hahnbach,hahndorf,hahnstatten,hahnville,hai duong,haibach,haibach,haibara,haicheng,haifa,haiger,haigerloch,haikou,haikou,haiku-pauwela,haikuotiankong,hailakandi,hailar,hailey,hailin,haillicourt,hailsham,hailun,haimen,haimhausen,haiming,hain-grundau,haina,hainault,hainburg an der donau,haines city,hainesville,hainichen,haiphong,haisnes,haiterbach,haizhou,haj ve slezsku,hajan,hajdubagos,hajduboszormeny,hajdudorog,hajduhadhaz,hajdunanas,hajdusamson,hajduszoboszlo,hajduszovat,hajiganj,hajin,hajipur,hajipur,hajjah,hajjah,hajmasker,hajnowka,hajo,hajoho,hajos,hakama,hakkari,hakodate,hakone,hakui,hala,halabjah,halacho,halapitan,halaszi,halasztelek,halaucesti,halawa,halawa heights,halawah,halayhay,halayhayin,halbe,halberstadt,halblech,halchiu,haldaur,halden,haldensleben,haldenwang,haldia,haldibari,haldimand county,haldwani,hale,hale,hale center,haledon,haleiwa,halen,halenkov,hales corners,halesite,halesowen,halesworth,haleyville,half moon,half moon bay,half way tree,halfaya,halfeti,halfing,halfway,halfway house,halhul,halidere,halifax,halifax,halifax,haligue,halikko,halinow,halisahar,haliyal,haljarp,halkapinar,hall in tirol,hallam,hallandale beach,hallau,hallbergmoos,hallbybrunn,halle,halle,halle (saale),halle neustadt,hallein,hallenberg,hallennes-lez-haubourdin,hallerndorf,hallettsville,hallowell,halls,hallsberg,hallstadt,hallstahammar,hallstavik,hallsville,halluin,hallum,halmagiu,halmasd,halmeu,halmstad,halog west,halol,hals,halsbrucke,halshany,halstead,halstead,halstenbek,halsteren,haltern,haltom city,halton,haltwhistle,halvad,halver,halwan,ham,ham lake,ham-sous-varsberg,hamada,hamadan,hamah,hamakita,hamamatsu,hamanoichi,hamar,hambach,hambergen,hamble,hambrucken,hambuhren,hamburg,hamburg,hamburg,hamburg,hamburg,hamden,hameenkyro,hameenlinna,hameln,hamhung,hami,hamilton,hamilton,hamilton,hamilton,hamilton,hamilton,hamilton,hamilton,hamilton,hamilton,hamilton,hamilton,hamilton square,hamina,hamirpur,hamirpur,hamlet,hamlin,hamlin,hamm,hamm,hamma bouziane,hammah,hammam bou hadjar,hammam sousse,hammam-lif,hammamet,hamme,hammel,hammelburg,hammerfest,hammersbach,hamminkeln,hammond,hammond,hammond,hammonton,hamoir,hamois,hamoraon,hampden,hampden,hampi,hampshire,hampstead,hampstead,hampstead,hampstead,hampton,hampton,hampton,hampton,hampton,hampton,hampton,hampton,hampton bays,hampton beach,hampton east,hampton falls,hampton manor,hamptons at boca raton,hamrun,hamtic,hamtramck,hamur,hamza,han,han pijesak,hanahan,hanak,hanam,hanamaki,hanamaulu,hanapepe,hanapepe heights,hanau am main,hanceville,hancheng,hanches,hanchuan,hancock,hancock,handa,handan,handeloh,handen,handewitt,handia,handlova,handorf,hanerau-hademarschen,hanesti,hanford,hang dong,hanga roa,hangal,hangard,hangha,hangou,hangu,hangu,hangu,hangzhou,hanhofen,hani,haninge,hanjiashu,hankasalmi,hankensbuttel,hanko,hanley hills,hanna,hannahs mill,hannibal,hanno,hannover,hannoversch munden,hannut,hanonu,hanover,hanover,hanover,hanover,hanover,hanover,hanover park,hansi,hanson,hansot,hanstedt,hanstholm,hansville,hanting,hantsindzi,hanumangarh,hanusovice,hanwella ihala,hanyu,hanzhong,haora,hapao,haparanda,hapeville,happurg,happy valley,happy valley,happy valley-goose bay,hapur,haputale,haqqulobod,har adar,haradok,haradzishcha,haradzyeya,harahan,haraiya,harare,harau,harbin,harbison canyon,harbke,harbor,harbor bluffs,harbour heights,harburg,harburg,harbury,harby,hard,harda,hardeeville,hardegsen,hardenberg,harderwijk,hardheim,hardin,hardingstone,hardinsburg,hardoi,hardricourt,hardt,harduaganj,hardwick,hardwick,harefield,hareid,harelbeke,haren,haren,harenkarspel,harer,harfleur,hargesheim,hargeysa,harhorin,haria,hariana,haridwar,harihar,harij,harindanga,haringhata,haripur,haripur,haris,harjavalta,harkany,harkema,harker heights,harlan,harlau,harlem,harlem,harlem heights,harleston,harlev,harleysville,harlingen,harlingen,harlow,harman,harmaneasa,harnai,harnai,harnes,harnoli,harnosand,haro,harold wood,harpalpur,harpanahalli,harpenden,harper,harper woods,harpstedt,harpswell center,harqalah,harrah,harrai,harran,harriman,harriman,harrington,harrington,harrington park,harris hill,harrisburg,harrisburg,harrisburg,harrisburg,harrisburg,harrisburg,harrislee,harrismith,harrison,harrison,harrison,harrison,harrison,harrison,harrison,harrison,harrison brook,harrisonburg,harrisonville,harrisville,harrodsburg,harrogate,harrogate,harrow on the hill,harsany,harsefeld,harseni,harsesti,harsewinkel,harsin,harskamp,harsleben,harsova,harstad,harsud,harsum,hart,harta,hartberg,hartenstein,hartford,hartford,hartford,hartford,hartford,hartford,hartford city,hartha,harthausen,hartheim,harthill,hartiesti,hartland,hartlepool,hartley,hartmannsdorf,hartola,hartsdale,hartselle,hartshill,hartshorne,hartsville,hartsville,hartville,hartwell,haru zbad,harur,harvard,harvard,harvest,harvey,harvey,harvey,harveys lake,harwell,harwich,harwich,harwood heights,harxheim,harzgerode,hasaki,hasan abdal,hasanbeyli,hasankeyf,hasanpur,hasanpur,hasbergen,hasbrouck heights,haselbachtal,haselunne,hasenkamp,hashimoto,hashmonaim,hashtpar,hashtrud,hasilpur,hasimara,haskell,haskell,haskell,haslach,haslemere,haslett,haslev,haslingden,hasloh,hasnon,hasparren,haspres,hassa,hassan,hassel,hasselfelde,hasselt,hasselt,hassfurt,hassi messaoud,hassleholm,hassloch,hassmersheim,hassocks,haste,hastiere-lavaux,hastinapur,hastings,hastings,hastings,hastings,hastings,hastings,hastings,hastings-on-hudson,hasuda,hat,hat yai,hata,hatava,hatboro,hateg,hatfield,hatfield,hatfield peverel,hathern,hathras,hatillo,hatillo de loba,hatillo palma,hatim,hato candal,hato mayor del rey,hatod,hatogaya,hatsavan,hatsukaichi,hatta,hattem,hatten,hattenhofen,hattersheim,hattiesburg,hattingen,hatton,hattorf,hattstedt,hatvan,hatzenbuhl,hatzfeld,hau-ri,haubourdin,haucourt-moulaine,hauenstein,hauge,haugesund,haughton,haughton green,hauho,haukipudas,haukivuori,haulchin,haundorf,hauppauge,hausach,hausen,hausen,hausen,hausen,hausen,hausen,hausen am albis / hausen (dorf),hausham,hausjarvi,hauswalde,haute-goulaine,hauteville-lompnes,hautmont,hautot-sur-mer,hauula,hauzenberg,havana,havana,havant,havarna,havdrup,havelange,havelberg,haveli,havelian,havelock,havelte,havelu,haveluy,haverfordwest,haverhill,haverhill,haverhill,haveri,haverstraw,haviland,havirov,havixbeck,havlickuv brod,havran,havre,havre de grace,havre-saint-pierre,havsa,havza,haw river,hawaiian acres,hawaiian beaches,hawaiian gardens,hawaiian ocean view,hawaiian paradise park,hawaiian paradise park,hawarden,hawarden,hawassa,hawera,hawkesbury,hawkhurst,hawkinge,hawkinsville,hawley,haworth,haworth,hawsh isa,hawthorn east,hawthorn woods,hawthorne,hawthorne,hawthorne,hawthorne,haxby,hay river,hayama,hayang,hayange,hayanist,haybes,hayden,haydock,hayes,hayes,hayesville,hayfield,hayfield,hayfork,hayil,hayingen,hayle,haymana,haymarket,haynesville,hayrabolu,hayrat,hays,haysville,haysyn,hayti,hayvoron,hayward,hayward,haywards heath,hazard,hazardville,hazaribag,hazebrouck,hazel crest,hazel dell,hazel green,hazel grove,hazel park,hazelbrook,hazelwood,hazen,hazlach,hazlehurst,hazlehurst,hazleton,hazorasp,hazro,hazro,heacham,head of westport,headcorn,headland,headwood bolevad,heage,healdsburg,healdton,healesville,healing,heanor,hearne,hearst,heath,heath,heathcote,heathcote,heathridge,heathrow,heaton chapel,heavener,heavitree,hebbronville,hebburn,hebden bridge,hebeitun,heber,heber,heber springs,heber-overgaard,hebertsfelden,hebertshausen,hebi,hebron,hebron,hebron,hebron,hebron,heby,hecelchakan,hechingen,hechthausen,hechuan,heckington,hecklingen,heckmondwike,hecun,heda,hedaru,heddesheim,hede,hede-bazouges,hedel,hedemora,hedge end,hedingen,hedon,hedwig village,heede,heeg,heeia,heek,heelsum,heemskerk,heemstede,heer,heerde,heerenveen,heerhugowaard,heerjansdam,heerlen,heers,heesch,heeslingen,heeze,hefei,heflin,hegang,hegenheim,heggadadevankote,hegnau,hegnau / dammboden-grindel,hegnau / sunnebueel-eich,hehlen,heide,heideck,heidelberg,heidelberg,heiden,heiden,heidenau,heidenau,heidenheim,heidenheim an der brenz,heidenreichstein,heidesheim,heidgraben,heigenbrucken,heighington,heihe,heikendorf,heilbron,heilbronn,heiligenberg,heiligengrabe,heiligenhafen,heiligenhaus,heiligenstadt,heiligkreuzsteinach,heillecourt,heiloo,heilsbronn,heimbach,heimberg,heimbuchenthal,heimenkirch,heimsheim,heinavesi,heinenoord,heiningen,heino,heinola,heinsberg,heishan,heist,heist-op-den-berg,heitersheim,hejnice,hejobaba,hekimhan,hekinan,hel,helbra,helchteren,heldrungen,helegiu,helena,helena,helena,helena,helena valley northeast,helena valley northwest,helena valley southeast,helena valley west central,helena-west helena,helensburgh,helensburgh,heliconia,heliopolis,hellebaek,hellenthal,hellertown,hellevoetsluis,hellin,helmbrechts,helmetta,helmond,helmsange,helmstadt,helmstedt,helong,helotes,helper,helpsen,helsa,helsby,helsingborg,helsinge,helsingor,helsinki,helston,heltersberg,helvecia,hem,hemau,hemel hempstead,hemer,hemet,hemhofen,hemiksem,hemingford grey,hemlock farms,hemmesta,hemmingen,hemmingen,hemmingstedt,hemmoor,hempstead,hempstead,hempstead,hemsbach,hemsby,hemsworth,henagar,hendala,hendaye,hendek,henderson,henderson,henderson,henderson,henderson,hendersonville,hendersonville,hendrik-ido-ambacht,hendrina,hendron,henfenfeld,henfield,hengchun,hengelo,hengersberg,hengoed,hengshan,hengshui,hengyang,henichesk,henin-beaumont,henley in arden,henley on thames,henlow,hennaya,hennebont,hennef,hennenman,hennessey,hennigsdorf,henrietta,henry,henryetta,henrykow,henryville,hensies,henstedt-ulzburg,hentiesbaai,hephzibah,hepingjie,hepo,heppenheim an der bergstrasse,herald harbor,herat,herbertingen,herbertpur,herbignac,herbitzheim,herblay,herbolzheim,herborn,herbrechtingen,herbsleben,herbstein,herby,herceg-novi,hercegszanto,herculaneum,hercules,herdecke,herdorf,herdwangen-schonach,hereclean,hered,heredia,hereford,hereford,herencia,herend,herent,herentals,herenthout,herford,hergiswil,hergnies,heric,hericourt,hericy,herimoncourt,herin,heringen,heringen,herington,herisau,heritage hills,heritage village,herk-de-stad,herkenbosch,herkimer,herleshausen,herlies,hermagor,hermann,hermannsburg,hermansverk,hermantown,hermanus,hermanuv mestec,hermanville-sur-mer,hermaringen,hermes,hermeskeil,hermigua,hermiston,hermiswil,hermitage,hermon,hermosa,hermosa beach,hermosillo,hermosillo,hermoso campo,hermsdorf,hernad,hernadnemeti,hernando,hernando,hernando,hernando beach,hernani,hernani,herndon,herne,herne,herne bay,herning,heroica caborca,heroica matamoros,heroica nogales,heroica zitacuaro,heroldsbach,heroldsberg,heron,herouville-saint-clair,herowabad,herradura,herrenberg,herrera,herrera,herrera de pisuerga,herrera del duque,herrestad,herricks,herrieden,herriman,herrin,herrischried,herrliberg,herrlisheim,herrljunga,herrnhut,herrsching am ammersee,hersbruck,herscheid,herselt,herserange,hershey,hersilia,hersin-coupigny,herstal,herten,hertford,hertford,herval,hervas,herve,herveld,herveo,herxheim am berg,herzberg,herzberg am harz,herzele,herzlake,herzliyya,herzogenaurach,herzogenbuchsee,herzogenburg,herzogenrath,hesdin,hesel,hesingue,hesla,hespe,hesperange,hesperia,hessdorf,hessheim,hessigheim,hessisch lichtenau,hessisch oldendorf,hesston,heswall,hetang,heteren,hethersett,hettange-grande,hettenleidelheim,hettenshausen,hettingen,hettlingen,hetton le hole,hettstadt,hettstedt,hetzerath,heubach,heuchelheim,heuchlingen,heung-hai,heusden,heusenstamm,heusweiler,heves,heviz,hevizgyoerk,hewitt,hewlett,hexham,hexiangqiao,heyburn,heyerode,heyfield,heyrieux,heythuysen,heyuan,heywood,heyworth,heze,hialeah,hialeah gardens,hiawatha,hiawatha,hibaiyo,hibbing,hickam housing,hickman,hickory,hickory creek,hickory creek,hickory hills,hickory hills,hickory withe,hicksville,hicksville,hida,hidalgo,hidalgo,hidalgo,hidalgo del parral,hidalgotitlan,hidas,hidden meadows,hidden valley,hidden valley lake,hiddenhausen,hideaway,hidiselu de sus,hidrolandia,hidrolandia,hienghene,higashimurayama-shi,higashine,higginsville,high barnet,high bentham,high blantyre,high bridge,high etherley,high level,high point,high point,high point,high prairie,high ridge,high river,high rock,high springs,high valleyfield,high wycombe,higham ferrers,highbridge,highclere,highett,highgrove,highland,highland,highland,highland,highland,highland,highland,highland acres,highland beach,highland city,highland falls,highland heights,highland heights,highland lake,highland mills,highland park,highland park,highland park,highland park,highland springs,highland village,highlands,highlands,highlands ranch,highlands-baywood park,highley,highspire,hightown,hightstown,highview,highwood,highworth,higuera de vargas,higuera de zaragoza,higuera la real,higueron,hihya,hijar,hiji,hiju,hikari,hikone,hilal,hilantagaan,hilchenbach,hildale,hildburghausen,hildebran,hilden,hilders,hildesheim,hildrizhausen,hilgermissen,hilgertshausen-tandern,hiliseu-horia,hill n dale,hillandale,hillarys,hillcrest,hillcrest heights,hille,hillegom,hillerod,hillerse,hillesheim,hilliard,hilliard,hillion,hillsboro,hillsboro,hillsboro,hillsboro,hillsboro,hillsboro,hillsborough,hillsborough,hillsborough,hillsborough,hillscheid,hillsdale,hillsdale,hillside,hillside,hillsmere shores,hillsville,hillview,hilmar-irwin,hilo,hilongos,hilotongan,hilpoltstein,hilsa,hilsenheim,hilter,hilterfingen,hilton,hilton head island,hilvan,hilvarenbeek,hilversum,hilzingen,himaao,himamaylan,himanka,himare,himatnagar,himaya,himberg,himeji,himensulan,himi,himmelkron,himmelpforten,hinapalanan,hinatuan,hinche,hinchley wood,hinckley,hinckley,hindang,hindas,hindaun,hindelbank,hindhead,hindley,hindoria,hindupur,hinesburg,hinesville,hinganghat,hingatungan,hinges,hingham,hingham,hingoli,hingorja,hinigaran,hinis,hinjilikatu,hinlayagan ilaud,hinna,hino,hino,hinojos,hinojosa del duque,hinova,hinsdale,hinsdale,hinte,hinterbruehl,hinterschmiding,hinterzarten,hinthada,hinton,hinton,hinton,hinton,hinundayan,hinwil,hipadpad,hipasngo,hipona,hirado,hirakata,hirakud,hiram,hiranagar,hirapur,hirara,hirata,hiratsuka,hirekerur,hirista,hiriyur,hirna,hirosaki,hiroshima-shi,hirrlingen,hirschaid,hirschau,hirschfelde,hirschhorn,hirsingue,hirson,hirtshals,hirvensalmi,hirzenhain,hisai,hisar,hisarkoy,hiseti,hisor,hispania,histon,hisua,hit,hita,hitachi,hitachi-naka,hitchcock,hitchin,hithadhoo,hitoyoshi,hittarp,hitura,hitzacker,hitzkirch,hizan,hizma,hjaerup,hjallerup,hjelmeland,hjo,hjorring,hjuvik,hlatikulu,hlinsko,hlipiceni,hlobyne,hlohovec,hlubocky,hluboka nad vltavou,hlucin,hluk,hlukhiv,hluti,hlyboka,hlybokaye,ho,ho-ho-kus,hoa binh,hobara,hobart,hobart,hobart,hobart,hobbs,hobe sound,hobo,hobo,hoboken,hoboken,hobyo,hocaba,hocalar,hoceni,hochberg,hochdorf,hochdorf,hochdorf,hochdorf-assenheim,hochenschwand,hochfelden,hochheim am main,hochkirch,hochspeyer,hochst,hochst im odenwald,hochstadt,hochstadt an der aisch,hochstadt an der donau,hochstatt,hockendorf,hockenheim,hockessin,hockinson,hockley,hoctun,hod hasharon,hodac,hodal,hodasz,hoddesdon,hodenhagen,hodgenville,hodkovice nad mohelkou,hodkovicky,hodmezovasarhely,hodod,hodonin,hoegaarden,hoegsby,hoeilaart,hoeingen,hoek van holland,hoemul-li,hoenheim,hoensbroek,hoeoer,hoerby,hoerdt,hoernefors,hoeryong,hoeselt,hoexter,hoeyang,hof,hofbieber,hoffman estates,hofgeismar,hofheim am taunus,hofheim in unterfranken,hofkirchen,hofors,hofterup,hofu,hoganas,hogansville,hoghilag,hoghiz,hogyesz,hohberg,hohburg,hohen neuendorf,hohenaspe,hohenau,hohenau,hohenbrunn,hohenems,hohenfels,hohenhameln,hohenkammer,hohenkirchen-siegertsbrunn,hohenleipisch,hohenlinden,hohenlockstedt,hohenmolsen,hohenpeissenberg,hohenrain,hohenstein-ernstthal,hohentengen,hohentengen am hochrhein,hohenthann,hohenthurm,hohenwald,hohenwarth,hohenwestedt,hohhot,hohn,hohn,hohndorf,hohnhorst,hohnstein,hohoe,hohr-grenzhausen,hoi an,hoima,hoisdorf,hoisington,hojai,hojby,hojo,hokasen,hokendauqua,hokes bluff,hokitika,hoko,hoktember,hola prystan,holalkere,holbaek,holbeach,holboca,holbrook,holbrook,holbrook,holcomb,holden,holden,holden,holden heights,holdenville,holderness,holdorf,holdrege,hole narsipur,holesov,holguin,holhol,holic,holice,holiday,holiday city south,holiday city-berkeley,holiday heights,holiday island,holiday shores,hollabrunn,holladay,holland,hollandale,holle,hollenbach,hollenstedt,hollfeld,hollidaysburg,hollingworth,hollins,hollis,hollis,hollis center,hollister,hollister,holliston,hollola,holloman air force base,hollviken,holly,holly hill,holly springs,holly springs,holly springs,holly springs,hollymead,hollywood,hollywood,hollywood,hollywood park,holm,holma,holmen,holmes beach,holmes chapel,holmestrand,holmfirth,holmsund,holoby,holod,holon,holsbeek,holstebro,holstein,holsworthy,holsworthy,holt,holt,holtland,holton,holton le clay,holts summit,holtsville,holtville,holtville,holtzheim,holualoa,holyhead,holyoke,holyoke,holysov,holytown,holywell,holywood,holzgerlingen,holzheim,holzkirchen,holzmaden,holzminden,holzweissig,holzwickede,homa bay,homagama,homberg,homberg,hombourg-haut,hombrechtikon,homburg,home gardens,home hill,homeacre-lyndora,homebush,homecourt,homedale,homeland,homeland park,homer,homer,homer,homer glen,homerville,homestead,homestead,homestead meadows north,homestead meadows south,hometown,homewood,homewood,hominy,hommelvik,hommersak,homnabad,homocea,homorod,homorodu de jos,homosassa,homosassa springs,homs,homun,homyel,honalo,honaunau-napoopoo,honavar,honaz,honda,hondagua,hondo,hondo,hondo valle,hondon de las nieves,hondschoote,honea path,honefoss,honeoye falls,honesdale,honfleur,hong,hong kong,hongchon,honggang,hongjiang,hongqiao,hongsung,hongwon,honiara,honiton,honjo,honnali,honningsvag,hono,honokaa,honolulu,honselersdijk,hoo,hood river,hoofddorp,hoogeveen,hoogezand,hoogland,hooglede,hoogstede,hoogstraten,hook,hooker,hooks,hooksett,hooper,hoopeston,hoopstad,hoorn,hoosick falls,hoover,hooverson heights,hopa,hopatcong,hopatcong hills,hope,hope,hope,hope mills,hope valley,hopedale,hopelchen,hopewell,hopewell,hopfgarten im brixental,hopfingen,hopkins,hopkins,hopkinsville,hopkinton,hopkinton,hopkinton,hoppers crossing,hoppstadten-weiersbach,hopton on sea,hopwood,hoquiam,horace,horad barysaw,horad smalyavichy,horad zhodzina,horadiz,horana south,horasan,horawala junction,horazdovice,horb am neckar,horbourg-wihr,horbranz,horbury,horcajo de santiago,hordt,horezu,horgau,horgen,horgen / allmend,horgen / horgen (dorfkern),horgen / oberdorf,horgen / scheller-stockerstrasse,horgenzell,horgertshausen,horgesti,horhausen,horice,horicon,horinchovo,horizon city,horizonte,horizontina,horka,horka nad moravou,horki,horlesti,horley,horlivka,hormigueros,horn,horn,horn,horn lake,hornachos,hornachuelos,hornaing,hornbaek,hornberg,hornburg,horncastle,hornchurch,horneburg,hornell,horni becva,horni benesov,horni briza,horni jiretin,horni libina,horni plana,horni pocernice,horni slavkov,horni sucha,horni terlicko,hornostayivka,hornsby,hornsby bend,hornsea,horoatu crasnei,horodenka,horodne,horodniceni,horodnicu de sus,horodnya,horodnytsya,horodok,horodok,horodyshche,horodyshche,horomerice,horovice,horqueta,horrabridge,horsching,horse cave,horse pasture,horse shoe,horseheads,horseheads north,horsens,horseshoe bay,horseshoe bend,horsford,horsforth,horsham,horsham,horsham,horsholm,horsovsky tyn,horst,horst,horstel,horstmar,hort,horta,horten,hortolandia,hortonville,horuphav,horve,horw,horwich,horyniec-zdroj,hosakote,hosanagara,hosangadi,hosbach,hosdurga,hosenfeld,hoshangabad,hoshcha,hoshiarpur,hoskote,hospet,hosszuheteny,hosszupalyi,hostalkova,hostalric,hostinne,hostivice,hostomel,hostotipaquillo,hosur,hot springs,hot springs,hot springs village,hotaka,hotan,hotarele,hotensleben,hotonj,hotton,houailou,houdain,houdan,houdemont,houffalize,houghton,houghton lake,houghton-le-spring,houilles,houlgate,houlton,houma,houmt souk,hounde,houplin-ancoisne,houplines,houppeville,hourtin,houston,houston,houston,houston,houston,houston,houten,houthalen,houthulst,houyet,houyu,hov,hovd,hovd,hove,hove,hovelhof,hovezi,hovmantorp,hovorany,hovsan,hovsta,hovtashat,howard,howard lake,howards grove,howden,howe,howell,howick,howland center,howli,howlong,howrah,hoxie,hoya,hoyanger,hoyerswerda,hoylake,hoyland nether,hoym,hoymille,hoyo de epuyen,hoyo de manzanares,hoyt lakes,hoyvik,hozat,hradec,hradec kralove,hradek,hradek nad nisou,hranice,hranice,hrastnik,hrazdan,hrebinka,hreljin,hrinova,hrob,hrodna,hronov,hrtkovci,hrubieszow,hrusovany nad jevisovkou,hrusovany u brna,hrvatska kostajnica,hrymayliv,hryshkivtsi,hsinchu,hua hin,huacho,huadian,huai mek,huai yot,huaibei,huaicheng,huaidian,huaihua,huainan,huaiyin,huaiyuan chengguanzhen,huajuapan de leon,hualahuises,hualfin,hualian,hualmay,huamachuco,huamantla,huambo,huamuxtitlan,huanan,huancabamba,huancavelica,huancayo,huandacareo,huangcaotuo,huangchuan,huanggang,huanglong,huangmaoyuan,huangmei,huangnihe,huangpi,huangqiao,huangshan,huangshi,huangtian,huangtukuang,huangyan,huangzhou,huangzhuang,huangzhuang,huangzhuang,huanimaro,huanren,huanta,huantuo,huanuco,huanuni,huapinol,huaqiao,huaquechula,huaquillas,huaral,huarancante,huaraz,huarichancara,huarmey,huasahuasi,huatabampo,huatajata,huatulco,huatusco de chicuellar,huauchinango,huaura,huautla,huautla de jimenez,huaxian,huayna alcalde,huayucachi,huazhou,hubbard,hubbard,hubbardston,huber heights,huber ridge,hubli,huckelhoven,huckeswagen,hucknall,huddersfield,huddinge,hude,hudesti,hudiksvall,hudson,hudson,hudson,hudson,hudson,hudson,hudson,hudson,hudson,hudson,hudson,hudson,hudson,hudson bend,hudson falls,hudsonville,hue,huedin,huehuetan,huehuetenango,huehuetlan el chico,huehuetoca,huejotzingo,huejucar,huejuquilla el alto,huejutla de reyes,huellhorst,huelma,huelva,huercal de almeria,huercal-overa,huerta grande,huesa,huesca,huescar,huetamo de nunez,huete,huetor vega,huetor-tajar,hueyapan,hueyapan de ocampo,hueyotlipan,hueypoxtla,hueytamalco,hueytown,huffenhardt,hufingen,hugelsheim,hughesville,hughesville,hughson,huglfing,hugli,hugo,hugo,hugoton,huguley,huhi,huichapan,huicheng,huicungo,huilango,huillapima,huiloapan,huilong,huimanguillo,huimilpan,huinan,huinca renanco,huisseau-sur-cosson,huitan,huite,huittinen,huitzilac,huitziltepec,huitzuco de los figueroa,huixquilucan,huixtla,huizen,huizhou,huizum,hujra,hukay,hukeri,hukkyo-ri,hukumati azrah,hukumati dahanah-ye ghori,hukuntsi,hukvaldy,hulan,hulan ergi,hulben,huldenberg,hulin,hull,hull,hull,hulluch,hulme,hulshout,hulst,hultsfred,hulubesti,hulyaypole,humacao,humahuaca,humaita,humanes de madrid,humberston,humberto de campos,humble,humboldt,humboldt,humboldt,humboldt,humboldt hill,humen,humenne,humilladero,humlebaek,hummelsbuettel,hummelstown,humniska,humpolec,humppila,hun,hunchun,hunderdorf,hundested,hundsangen,hunedoara,hunenberg,hunfeld,hung yen,hungen,hungerford,hungnam,hungund,huningue,hunkuyi,hunmanby,hunstanton,hunsur,hunt valley,hunter,hunters creek,hunters creek village,hunters hill,huntersville,huntertown,huntingburg,huntingdon,huntingdon,huntingdon,huntingdon,huntington,huntington,huntington,huntington,huntington,huntington,huntington beach,huntington park,huntington station,huntington woods,huntingtown,huntingtown town center,huntley,huntly,huntsville,huntsville,huntsville,huntsville,hunucma,hunxe,huomachong,huoqiu chengguanzhen,huotong,huozhuangzi,hurbanovo,hurdegaryp,hurfeish,huriel,hurley,hurlock,huron,huron,huron,hurricane,hurricane,hurst,hurstbourne,hurstpierpoint,hurstville grove,hurtgenwald,hurth,huruesti,hurup,huruta,husainabad,husan,husasau de tinca,husavik,hushitai,husi,huskvarna,husow,hussigny-godbrange,hustopece,husum,husum,husyatyn,huta stara b,hutang,hutchins,hutchinson,hutchinson,hutchinson island south,hutschenhausen,huttenheim,hutthurm,huttlingen,hutto,huttwil,huty,huvinabadgalli,huwwarah,huxley,huy,huy-neinstedt,huyton,huyuk,huzhou,hvar,hveragerdi,hvide sande,hvidovre,hvizd,hwacheon,hwado,hwange,hwangju-up,hwaseong,hwasun,hwawon,hyannis,hyattsville,hybla valley,hyde,hyde park,hyde park,hyde park,hyderabad,hyderabad,hyeres,hyesan-dong,hyllinge,hyltebruk,hypaepa,hypoluxo,hyrum,hyrynsalmi,hythe,hythe,hyvinkaa,hyzne