l-iklin,la adrada,la alameda de la sagra,la aldea,la algaba,la alianza,la almunia de dona godina,la argentina,la asuncion,la asuncion,la balme-de-sillingy,la baneza,la barca,la barre-de-monts,la bassee,la bathie,la baule-escoublac,la bazoge,la belgica,la bernerie-en-retz,la bisbal demporda,la blanca,la boisse,la bouexiere,la bouilladisse,la bourboule,la breita,la bresse,la broque,la bruffiere,la bruyere,la buisse,la cabima,la cabrera,la calamine,la calera,la calera,la calera,la calzada de calatrava,la campana,la canada,la canada flintridge,la canela,la canourgue,la capelle,la carlota,la carlota,la carlota,la carolina,la castellana,la ceiba,la ceiba,la ceja,la celia,la celle-saint-cloud,la center,la chaize-le-vicomte,la chapelle-basse-mer,la chapelle-de-guinchay,la chapelle-des-fougeretz,la chapelle-des-marais,la chapelle-en-serval,la chapelle-heulin,la chapelle-la-reine,la chapelle-launay,la chapelle-saint-aubin,la chapelle-saint-luc,la chapelle-saint-mesmin,la chapelle-saint-ursin,la chapelle-sur-crecy,la chapelle-sur-erdre,la chapelle-thouarault,la charite-sur-loire,la chataigneraie,la chatre,la chaussee-saint-victor,la chaux-de-fonds,la chevroliere,la chorrera,la cienaga,la cienega,la ciotat,la clayette,la clotilde,la clusaz,la cocha,la codosera,la colle-sur-loup,la colmena,la concepcion,la concepcion,la concepcion,la concepcion,la concordia,la condamine,la coronada,la cote-saint-andre,la courneuve,la couronne,la couture,la couture-boussey,la crau,la creche,la crescent,la crescenta-montrose,la croix-en-touraine,la croix-valmer,la crosse,la cruz,la cruz,la cruz,la cruz,la cuesta,la cumbre,la cumbre,la curva,la dagotiere,la democracia,la descubierta,la destrousse,la dicha,la dolores,la dolorita,la dorada,la eduvigis,la entrada,la ermita,la ermita,la escondida,la esperanza,la esperanza,la esperanza,la esperanza,la esperanza,la estancia,la estrella,la falda,la fare-les-oliviers,la farlede,la fere,la feria,la fermina,la ferriere,la ferte-alais,la ferte-bernard,la ferte-gaucher,la ferte-mace,la ferte-milon,la ferte-saint-aubin,la ferte-sous-jouarre,la flecha,la fleche,la flocelliere,la florida,la flotte,la foa,la font de la figuera,la force,la foret-fouesnant,la foret-sur-sevre,la fortuna,la fouillouse,la francia,la fresnais,la frette-sur-seine,la fria,la gacilly,la garde,la garenne-colombes,la garnache,la garriga,la garrovilla,la gaubretiere,la gaude,la gineta,la glacerie,la gloria,la gomera,la gorgue,la goulette,la grand-croix,la grande,la grande-motte,la grande-paroisse,la grange,la grange,la grange,la grange,la grange,la grange park,la granja,la granja,la guacamaya,la guaira,la guancha,la guardia de jaen,la guerche-de-bretagne,la guyonniere,la habra,la habra heights,la hacienda,la haie-fouassiere,la herradura,la homa,la huaca,la huacana,la huerta,la hulpe,la isla,la jagua de ibirico,la jarne,la jarretadera,la jarrie,la jolla,la joya,la joya,la junta,la jutosa,la laguna,la laja,la lande-de-fronsac,la lantejuela,la lastrilla,la leonesa,la libertad,la libertad,la libertad,la libertad,la libertad,la libertad,la libertad,la libertad,la libertad,la libertad,la ligua,la lima,la linea de la concepcion,la lira,la llagosta,la llanada,la llave,la loggia,la londe-les-maures,la longueville,la loupe,la louviere,la luisa,la luisiana,la macarena,la machine,la maddalena,la madeleine,la mailleraye-sur-seine,la malbaie,la mana,la manga del mar menor,la marque,la masica,la massana,la matanza de acentejo,la meignanne,la membrolle-sur-choisille,la mendieta,la menitre,la merced,la mesa,la mesa,la mesa,la meziere,la milesse,la mina,la mira tumbiscatio,la mirada,la mitra,la mohammedia,la mojonera,la moncada,la monnerie-le-montel,la montagne,la montanita,la morra,la mothe-achard,la motte,la motte-servolex,la mulatiere,la mure,la neuveville,la norville,la nucia,la oliva,la orilla,la orotava,la oroya,la palma,la palma del condado,la paloma,la paloma,la para,la paz,la paz,la paz,la paz,la paz,la paz,la paz,la paz,la paz,la paz,la paz,la paz,la paz,la paz,la paz centro,la paz de oriente,la peca,la pena,la penne-sur-huveaune,la perla,la piedad cavadas,la pila,la pineda,la pintada,la pintada,la pintana,la plaine-sur-mer,la planche,la plata,la plata,la plata,la playa,la playosa,la plaza,la pobla de claramunt,la pobla de vallbona,la pobla llarga,la pocatiere,la pola de gordon,la pommeraye,la porte,la porte city,la possession,la possonniere,la poza,la prairie,la presa,la presa,la primavera,la puebla de almoradiel,la puebla de cazalla,la puebla de los infantes,la puebla de montalban,la puebla del rio,la pueblanueva,la puente,la puerta de segura,la punta,la queseria,la queue-en-brie,la queue-les-yvelines,la quiaca,la quinta,la rambla,la ravoire,la reforma,la reforma,la reforma,la reole,la ricamarie,la richardais,la riche,la rinconada,la rinconada,la rioja,la riviera,la riviere-de-corps,la robla,la roca dalbera,la roca del valles,la roche-blanche,la roche-chalais,la roche-de-glun,la roche-en-ardenne,la roche-sur-foron,la roche-sur-yon,la rochefoucauld,la rochelle,la rochette,la rochette,la roda,la roda de andalucia,la romana,la romana,la ronge,la roquebrussanne,la roquette-sur-siagne,la roxas,la salle,la salle,la salud,la salvetat-saint-gilles,la santisima trinidad,la sarre,la sarrosa,la saussaye,la sebala du mornag,la seguiniere,la selva,la selva beach,la sentinelle,la serena,la seu durgell,la seyne-sur-mer,la sierra,la solana,la souterraine,la spezia,la suiza,la suze-sur-sarthe,la talaudiere,la tebaida,la terrasse,la tessoualle,la teste-de-buch,la tigra,la tijera,la tola,la toma,la tour-de-peilz,la tour-de-salvagny,la tour-de-treme,la tour-du-crieu,la tour-du-pin,la tranche-sur-mer,la tremblade,la trinidad,la trinidad,la trinitaria,la trinite,la trinite,la troncal,la tronche,la tuque,la turballe,la turbie,la union,la union,la union,la union,la union,la union,la union,la union,la union,la union,la union,la union,la union,la union,la union,la union,la uvilla,la vale,la valette-du-var,la vega,la vega,la venta del astillero,la verde,la vergne,la verne,la verpilliere,la verrie,la verriere,la victoria,la victoria,la victoria de acentejo,la villa,la villa del rosario,la ville-aux-dames,la ville-du-bois,la virginia,la vista,la voulte-sur-rhone,la wantzenau,laa an der thaya,laage,laagri,laakirchen,laar,laarne,laascaanood,laasqoray,laatzen,laayoune / el aaiun,labangan,labaroche,labarthe-sur-leze,labasan,labastide-saint-pierre,labatlan,labayug,labe,labege,labejum,labelle,labenne,laberweinting,labico,labin,labinsk,labis,labiszyn,labney,labnig,labo,labod,laboe,labog,laborde,labouheyre,laboulaye,labourse,labrador,labrador city,labruguiere,labu-o,labuan,labuan,labuhan deli,labuhanbajo,labungan,labunishta,labytnangi,lac,lac du flambeau,lac la biche,lac-brome,lac-megantic,lacag,lacanau,lacaron,lacaron,lacasse,lacaune,lacchiarella,lacco ameno,lacdayan,laceby,lacedonia,laces,lacey,lachar,lachen,lachendorf,lachhmangarh sikar,lachi,lachowice,lachute,lacin,lacin,lackawanna,lackland air force base,lacko,lacombe,lacombe,lacon,laconi,laconia,lacovia,lacroix-saint-ouen,lacson,lacy-lakeview,ladan,ladang seri kundang,ladario,ladbergen,ladek-zdroj,ladenburg,ladera heights,ladera ranch,ladesti,ladhewala waraich,ladik,ladispoli,ladner,ladnun,ladonia,ladovskaya balka,ladozhskaya,ladson,ladue,ladushkin,ladwa,lady frere,lady lake,ladybrand,ladysmith,ladysmith,ladyzhyn,lae,laela,laem sing,laensi-turunmaa,laer,lafayette,lafayette,lafayette,lafayette,lafayette,lafayette,lafayette,lafayette,lafayette,lafia,lafiagi,lafollette,lafrancaise,lagardelle-sur-leze,lagarto,lagasit,lagawe,lagdo,lage,lagerdorf,lages,laghouat,lagi,lagiewniki,lagindingan,lagkadas,lagnieu,lagny-sur-marne,lago,lago,lago da pedra,lago puelo,lago vista,lagoa,lagoa,lagoa,lagoa da canoa,lagoa da prata,lagoa do itaenga,lagoa formosa,lagoa nova,lagoa santa,lagoa seca,lagoa vermelha,lagodekhi,lagonegro,lagonglong,lagonoy,lagord,lagos,lagos,lagos de moreno,lagosanto,lagrange,lagrange,laguilayan,laguit centro,laguitas,laguna,laguna,laguna beach,laguna beach,laguna de duero,laguna de perlas,laguna heights,laguna hills,laguna larga,laguna naick-neck,laguna niguel,laguna paiva,laguna salada,laguna vista,laguna woods,laguna yema,lagunas,lagundo,lagunillas,lagyna,lahad datu,lahaina,lahan,lahar,laharpur,lahat,lahden,lahij,lahishyn,lahnstein,laholm,lahonce,lahore,lahoysk,lahr,lahti,lahuachaca,lai,laibin,laichingen,laie,laigne-en-belin,laigneville,laigueglia,laihia,laikit, laikit ii (dimembe),laille,lailly-en-val,lainate,laino borgo,laion,lais,laishevo,laitila,laives - leifers,laiwu,laixi,laiya,laiyang,lajas,laje,lajeado,lajedo,lajinha,lajong,lajoskomarom,lajosmizse,lake albert,lake alfred,lake arbor,lake arrowhead,lake arrowhead,lake arthur,lake barcroft,lake barrington,lake belvedere estates,lake bluff,lake butler,lake carmel,lake charles,lake city,lake city,lake city,lake city,lake city,lake city,lake clarke shores,lake cowichan,lake crystal,lake dallas,lake darby,lake delton,lake dunlap,lake elmo,lake elsinore,lake erie beach,lake fenton,lake forest,lake forest,lake forest,lake forest park,lake geneva,lake goodwin,lake grove,lake hallie,lake hamilton,lake havasu city,lake heights,lake helen,lake illawarra,lake in the hills,lake isabella,lake jackson,lake junaluska,lake katrine,lake kiowa,lake lorraine,lake los angeles,lake lotawana,lake lucerne,lake magdalene,lake mary,lake meade,lake mills,lake mills,lake mohawk,lake mohegan,lake montezuma,lake monticello,lake morton-berrydale,lake murray of richland,lake nacimiento,lake norman of catawba,lake norman of catawba,lake odessa,lake of the pines,lake of the woods,lake of the woods,lake orion,lake oswego,lake panasoffkee,lake park,lake park,lake placid,lake placid,lake pocotopaug,lake providence,lake purdy,lake ridge,lake ronkonkoma,lake saint louis,lake san marcos,lake sarasota,lake shore,lake shore,lake station,lake stevens,lake success,lake summerset,lake tansi,lake view,lake villa,lake village,lake wales,lake wazeecha,lake wildwood,lake wisconsin,lake wissota,lake worth,lake worth,lake worth corridor,lake wylie,lake wynonah,lake zurich,lakehills,lakehurst,lakeland,lakeland,lakeland,lakeland,lakeland highlands,lakeland north,lakeland south,lakeland village,lakemba,lakemoor,lakemore,lakenheath,lakeport,lakerlopen,lakes,lakes by the bay,lakes entrance,lakes of the four seasons,lakeshore,lakeside,lakeside,lakeside,lakeside,lakeside green,lakeside park,lakeview,lakeview,lakeview,lakeview,lakeview,lakeview estates,lakeville,lakeway,lakewood,lakewood,lakewood,lakewood,lakewood,lakewood,lakewood,lakewood,lakewood,lakewood park,lakewood park,lakha nevre,lakhdaria,lakhdenpokhya,lakheri,lakhi,lakhimpur,lakhipur,lakhipur,lakhna,lakhnadon,lakhtar,lakhyabad,lakin,lakinsk,lakitelek,lakkha nevre,lakki marwat,lakkion,lakota,laksar,lakselv,laksham,lakshettipet,lakshmeshwar,lakshmipur,laktasi,lal bahadur nagar,lala,lala,lala,lala musa,lalab,lalago,lalagsan,lalapasa,lalauigan,lalcora,lalcudia,lalcudia de crespins,lalendorf,lalfas del pi,lalganj,lalganj,lalgola,lalgudi,lalian,lalibela,lalig,lalin,lalinde,lalitpur,lallaing,lallayug,lallio,lalmanirhat,lalmatie,lalmohan,lalosu,lalpur,lalsk,lalsot,lalupon,lam,lama,lama mocogno,lamadelaine,lamak,lamalou-les-bains,lamam,lamar,lamar,lamarque,lamas,lamas,lamastre,lambakin,lambakin,lamballe,lambare,lambarene,lambari,lambasa,lambayeque,lambayong,lambersart,lambertville,lambertville,lambesc,lambeth,lambinowice,lambo,lambontong,lambourn,lambrecht,lambrechtshagen,lambres-lez-douai,lambrugo,lambsheim,lambton,lambunao,lame,lame deer,lamego,lamentin,lamesa,lamesley,lametlla del valles,lamezia terme,lamia,lamian,lamin,laminusa,lamisahan,lamitan,lamitan,lammi,lamon,lamongan,lamoni,lamont,lamonzie-saint-martin,lamorlaye,lamotte-beuvron,lamovita,lampa,lampa,lampang,lampari,lampasas,lampaul-guimiliau,lampaul-plouarzel,lampazos de naranjo,lampedusa,lampertheim,lampertheim,lampertswalde,lampeter,lamphun,lampitak,lampolla,lamporecchio,lamspringe,lamstedt,lamtah,lamu,lamut,lana,lanai city,lanaken,lanao,lanark,lanas,lanas,lanat,lancara,lancaster,lancaster,lancaster,lancaster,lancaster,lancaster,lancaster,lancaster,lancaster,lancaster,lancaster mill,lanchester,lanchyn,lanciano,lancienne-lorette,lancing,lanckorona,lancon-provence,lancut,lancy,land o lakes,landa,landang laum,landas,landau an der isar,landau in der pfalz,landazuri,landeck,landeda,landen,landen,lander,landerneau,landeronde,landesbergen,landevant,landi kotal,landis,landivisiau,landmark,landover,landrecies,landriano,landrum,landsberg,landsberg am lech,landscheid,landshut,landskrona,landsmeer,landstuhl,landvetter,lane cove,lanesborough,lanester,lanett,laneuveville-devant-nancy,lang son,lang suan,langa,langatian,langcangan,langeac,langeais,langelsheim,langen,langen,langenaltheim,langenargen,langenau,langenbach,langenberg,langenbernsdorf,langenbogen,langendorf,langendorf,langenenslingen,langenfeld,langenhagen,langenhorn,langenhorn,langenlois,langenlonsheim,langenpreising,langenselbold,langensendelbach,langenstein,langenthal,langenwetzendorf,langenzenn,langenzersdorf,langeoog,langepas,langerringen,langerud,langerwehe,langeskov,langewiesen,langfang,langford,langfurth,langgons,langhirano,langho,langholm,langlade,langley,langley,langley green,langley park,langley park,langlingen,langnau,langnau / langnau (dorf),langnau am albis,langob,langogne,langoiran,langon,langonnet,langpas,langport,langquaid,langres,langsa,langtad,langtad,langtang,langtoft,langtou,langub,langue,langueux,langui,languidic,languyan,langwedel,langweid,langxiang,langzhong,lanham,lanigay,lanipao,lanivtsi,lanja,lanjaghbyur,lanjaron,lankow,lanmeur,lanna,lannemezan,lannilis,lannion,lanot,lanquin,lans-en-vercors,lansargues,lansdale,lansdowne,lansdowne,lansdowne,lanse,lansford,lansing,lansing,lansing,lansing,lanskroun,lanstrop,lantana,lantangan,lantangan,lantangan,lantapan,lanton,lanusei,lanuvio,lanuza,lanvallay,lanveoc,lanxi,lanxi,lanycsok,lanzhot,lanzhou,lanzo torinese,lao,lao cai,laoag,laoang,laocheng,laohekou,laojunmiao,laon,lapa,lapai,lapalisse,lapalud,lapao,laparay,lapase,lapaz,lapczyca,lapeer,lapel,lapeyrouse-fossat,lapi,lapid,lapinig,lapinigan,lapining,lapinjarvi,lapinlahti,lapithos,laplace,lapolapo,laporte,laporte,lapoutroie,lapovo,lappajarvi,lappeenranta,lappersdorf,lappi,lapseki,lapu-lapu city,lapua,lapuan,lapugnoy,lapus,lapusnicu mare,lapuyan,lapuz,lapy,laquila,lar,lara,laracha,larache,laragne-monteglin,laramie,laranja da terra,laranjal paulista,laranjeiras,laranjeiras do sul,laranjeiro,larap,larap,larba,larbaa nait irathen,larbert,larcay,larchmont,larciano,lardero,lardy,laredo,laredo,laredo,laren,laren,lares,largeau,largentiere,largo,largo,largs,largs bay,lari,lariano,larino,larion altu,larisa,larkana,larkfield,larkfield-wikiup,larkhall,larkird,larkspur,larksville,larmor-plage,larnaca,larne,larned,larose,larraga,larrakeyah,larreynaga,larroque,larsmo,larvik,las acequias,las amilpas,las animas,las animas,las brenas,las cabezas de san juan,las charcas,las choapas,las cruces,las cumbres,las flores,las flores,las gabias,las garcitas,las guacamayas,las guaranas,las heras,las higueras,las juntas,las lajas,las lajas,las lajitas,las lomas,las lomas,las lomas,las lomas,las lomitas,las margaritas,las matas,las matas de farfan,las matas de santa cruz,las mesas,las navas,las navas del marques,las ollas,las palmas de gran canaria,las palomas,las parejas,las pedroneras,las perdices,las piedras,las piedras,las piedras,las pintas de arriba,las quintas fronterizas,las quintas fronterizas colonia,las rosas,las rosas,las rozas de madrid,las salinas,las tablas,las tablas,las tejerias,las terrenas,las torres de cotillas,las toscas,las toscas,las trojes,las tunas,las varas,las varillas,las vegas,las vegas,las vegas,las vigas,lasa,lasalgaon,lasam,lasang,lasarte,lascahobas,lascano,lascari,lasem,lashio,lashkar gah,lasin,lask,laskarzew,lasko,laskowa,laslea,lassay-les-chateaux,lassomption,lastoursville,lastra a signa,lastrup,laszczow,lat yao,latacunga,latakia,latehar,laterina,laterza,lathen,lathi,lathrop,lathrop,lathrup village,latiano,latimer,latina,latisana,latnaya,latour-bas-elne,latresne,latrobe,latrobe,latronico,lattarico,lattes,latung,latur,lau,laubach,lauben,lauben,laucha,lauchhammer,lauchheim,lauchringen,lauda-konigshofen,laudenbach,lauderdale,lauderdale,lauderdale lakes,lauderdale-by-the-sea,lauderhill,laudun-lardoise,lauenau,lauenbruck,lauenburg,lauf,lauf an der pegnitz,laufach,laufen,laufen,laufenburg,laufenburg,lauffen am neckar,lauffohr (brugg),laughlin,lauingen,laukaa,launaguet,launceston,launceston,laungowal,laupen,lauperswil,laupheim,laur,laureana di borrello,laurel,laurel,laurel,laurel,laurel,laurel,laurel,laurel bay,laurel hollow,laurel lake,laurel park,laurel springs,laureldale,laureles,laurence harbor,laurencekirk,laurens,laurenzana,lauria,laurinburg,laurino,lauris,laurium,lauro,lauro de freitas,lauro muller,lausanne,lauscha,lausen,laussig,laussnitz,lautaro,lautenbach,lauter,lauterach,lauterbach,lauterbach/schwarzwald,lauterbrunnen,lauterecken,lauterhofen,lautertal,lautertal,lauwin-planque,lavaca,lavagna,lavagno,laval,laval,lavaltrie,lavans-les-saint-claude,lavardac,lavaur,lavelanet,lavello,laveno,laveno-mombello,laventie,laventure,laverkin,laverton,laverune,lavezares,lavia,lavington,lavinio,lavis,lavon,lavonia,lavos,lavra,lavras,lavras da mangabeira,lavrio,lavumisa,law,lawai,lawalde,lawan kupana,lawang,lawar khas,lawigan,lawndale,lawnside,lawnton,lawrence,lawrence,lawrence,lawrence,lawrence park,lawrence park,lawrenceburg,lawrenceburg,lawrenceburg,lawrenceville,lawrenceville,lawrenceville,lawson,lawson,lawson heights,lawton,laxa,laxou,lay-saint-christophe,laya,layhill,laylay,laymantown,layo,layog,layrac,layton,laytown,laza,lazani,lazarea,lazareni,lazarev,lazarevac,lazarevo,lazarevskoye,lazaro cardenas,lazdijai,lazeshchyna,lazi,lazi,lazise,laziska gorne,lazne belohrad,lazne bohdanec,lazo,lazo,lazuri,lazurne,lazzate,lchashen,le ban saint-martin,le barcares,le barp,le bignon,le blanc,le blanc-mesnil,le bois-plage-en-re,le bono,le borgne,le bosc-roger-en-roumois,le boupere,le bourget,le bourget-du-lac,le bouscat,le breuil,le bugue,le cailar,le cannet,le cannet-des-maures,le cap dagde,le castellet,le cellier,le cendre,le center,le chambon-feugerolles,le chambon-sur-lignon,le chatelard,le chatelet-en-brie,le chenit,le chesnay,le cheylard,le cheylas,le claire,le conquet,le coteau,le coudray,le coudray-montceaux,le cres,le creusot,le croisic,le crotoy,le dorat,le faouet,le fenouiller,le folgoet,le francois,le fuilet,le gosier,le grand-bornand,le grand-lemps,le grand-luce,le grand-quevilly,le grand-saconnex,le grau-du-roi,le grazie di ancona,le gros-morne,le gua,le haillan,le havre,le hochet,le houlme,le kremlin-bicetre,le lamentin,le landeron,le landreau,le lavandou,le locle,le longeron,le loroux-bottereau,le lorrain,le louroux-beconnais,le luc,le lude,le mans,le marin,le mars,le may-sur-evre,le mee-sur-seine,le mesnil-en-thelle,le mesnil-esnard,le mesnil-le-roi,le mesnil-saint-denis,le molay-littry,le mont-sur-lausanne,le morne-rouge,le moule,le muy,le neubourg,le nouvion-en-thierache,le palais,le palais-sur-vienne,le pallet,le passage,le peage-de-roussillon,le pechereau,le pecq,le pellerin,le perray-en-yvelines,le perreux-sur-marne,le petit-quevilly,le pian-medoc,le plan-de-la-tour,le plessis-belleville,le plessis-bouchard,le plessis-grammoire,le plessis-pate,le plessis-robinson,le plessis-trevise,le poinconnet,le poire-sur-vie,le pont-de-beauvoisin,le pont-de-claix,le pontet,le port,le port-marly,le portel,le pouliguen,le pouzin,le pradet,le pre-saint-gervais,le puy-en-velay,le puy-sainte-reparade,le quesnoy,le raincy,le relecq-kerhuon,le revest-les-eaux,le rheu,le robert,le rouret,le rove,le roy,le roy,le russey,le soler,le sourn,le sueur,le taillan-medoc,le tallud,le tampon,le teich,le teil,le theil-bocage,le thillay,le thillot,le tholonet,le thor,le tignet,le touquet-paris-plage,le touvet,le trait,le treport,le val,le vauclin,le vaudreuil,le versoud,le vesinet,lea hill,leachville,lead,leadville,league city,lealman,leamington,leander,leanyer,leanyfalu,leatherhead,leavenworth,leavenworth,leavittsburg,leawood,leba,lebach,lebaksiu,lebanon,lebanon,lebanon,lebanon,lebanon,lebanon,lebanon,lebanon,lebanon,lebanon,lebanon,lebanon south,lebbeke,lebedyan,lebedyn,lebedyn,lebel-sur-quevillon,lebeny,lebork,lebowakgomo,lebrija,lebrija,lebu,lebus,lebyazhye,lebyazhye,lebyazhye,leca da palmeira,leca do bailio,lecanto,lecce,lecco,lecelles,lechaina,lechbruck,lecheng,lechinkay,lechinta,lechlade,leck,leconfield,lecousse,lectoure,leczna,leczyca,ledana,ledbury,lede,ledeberg,ledec nad sazavou,ledegem,ledenice,lednice,leduc,ledyard center,ledziny,lee,lee,lee acres,lee acres,lee-on-the-solent,leechburg,leeds,leeds,leeds,leegebruch,leek,leek,leer,leerdam,leers,leersum,lees summit,leesburg,leesburg,leesburg,leesport,leesten,leesville,leesville,leeswood,leeton,leetonia,leeuwarden,leezdorf,leezen,leffe,leffrinckoucke,lefka,lefkada,lefkimmi,lefkoniko,leforest,leganes,leganes,legaspi,legau,legden,lege,leggiuno,legionowo,leglise,legnago,legnano,legnaro,legnica,legowo,legrada,leguevin,leh,lehavim,lehesten,lehi,lehigh acres,lehighton,lehliu,lehliu-gara,lehon,lehrberg,lehre,lehrensteinsfeld,lehrte,lehtimaki,lehututu,leiah,leibertingen,leiblfing,leibnitz,leicester,leicester,leichhardt,leichlingen,leiden,leiderdorp,leidersbach,leiferde,leigh,leighton buzzard,leimen,leimersheim,leimuiden,leinburg,leinefelde,leinfelden-echterdingen,leingarten,leini,leinzell,leioa,leipheim,leipsic,leipzig,leiria,leirvik,leisnig,leiston,leisure city,leisure knoll,leisure village,leisure village east,leisure village west-pine lake park,leisure world,leisuretowne,leitchfield,leith-hatfield,leiva,leivi,leixlip,leiyang,lejamani,lejanias,lejre,lekawica,lekeitio,lekhaion,leknica,lekoni,leksand,leku,leland,leland,lelesti,leliana,lelouma,lelow,lely,lely resort,lelydorp,lelystad,lemay,lembang,lembeni,lemberg,leme,lemery,lemforde,lemgo,lemi,lemmer,lemmon valley,lemnia,lemon grove,lemont,lemont,lemoore,lemoore station,lemoyne,lempaala,lemsahl-mellingstedt,lemvig,lemwerder,lena,lenart v slovenskih goricah,lenauheim,lenchwe le tau,lencloitre,lencois paulista,lendava,lendelede,lendinara,lenexa,lengdorf,lengede,lengefeld,lengenfeld,lenger,lengerich,lengerich,lenggries,lengnau,lengshuijiang,lengshuitan,lenguazaque,lengyeltoti,lenham,lenina,leninaul,lenine,leningradskaya,leninkent,leninogorsk,leninsk,leninsk-kuznetskiy,leninskiy,leninskiy,leninskiy,leninskiy,leninskoye,leninskoye,lenk,lennec,lennestadt,lennox,lennox,lennoxtown,leno,lenoir,lenoir city,lenola,lens,lens,lens,lensahn,lensk,lentate sul seveso,lentekhi,lentfohrden,lenti,lentiai,lentilly,lentini,lentre-deux,lents,lentvaris,lenwood,lenzburg,lenzen,lenzing,lenzkirch,leo,leo-cedarville,leoben,leogane,leognan,leominster,leominster,leon,leon,leon,leon,leon,leon postigo,leon valley,leona vicario,leonard,leonardo,leonardtown,leonberg,leonding,leone,leones,leones east,leonessa,leonforte,leonia,leonidio,leopold,leopoldina,leopoldov,leopoldsburg,leopoldshohe,leorda,leordeni,leordina,leova,lepa,lepaera,lepanto,lepaterique,lepe,lepelstraat,lepenou,lepiphanie,lepley,lepoglava,leporano,leposaviq,leppavirta,lepseny,lepsy,leptokarya,lequile,ler,lercara friddi,lerdo de tejada,lere,lere,leresti,leribe,lerici,lerida,lerik,lerma,lerma de villada,lermontov,lermontovka,lerrnanist,lerum,lervik,lerwick,lery,les abrets,les abymes,les allues,les andelys,les anglais,les angles,les arcs,les avanchets,les avenieres,les avirons,les brouzils,les cayes,les clayes-sous-bois,les clouzeaux,les coteaux,les eglisottes-et-chalaures,les epesses,les escaldes,les essarts,les essarts-le-roi,les fins,les forges,les hautes-rivieres,les herbiers,les houches,les irois,les landes-genusson,les lilas,les lucs-sur-boulogne,les marches,les mees,les mureaux,les noes-pres-troyes,les pavillons-sous-bois,les pennes-mirabeau,les pieux,les ponts-de-ce,les roches-de-condrieu,les rosiers-sur-loire,les rousses,les sables-dolonne,les salles-du-gardon,les sorinieres,les touches,les trois-ilets,les ulis,les vans,lesa,lescala,lescar,lesce,leshan,leshukonskoye,lesignano debagni,lesigny,lesina,lesko,leskolovo,leskovac,leskovik,lesmahagow,lesmo,lesna,lesna,lesna,lesneven,lesnica,lesnica,lesnikovo,lesnoy,lesnoy,lesnoy,lesnoy,lesnoy,lesnoy gorodok,lesnyye polyany,lesogorsk,lesogorskiy,lesosibirsk,lesovy,lesozavodsk,lesparre-medoc,lespezi,lespignan,lespinasse,lesquin,lessebo,lessines,lesslie,lessolo,lessona,lestizza,lestrem,lesu,leszno,leszno,lesznowola,letavertes,letca,letcani,letchworth,letea veche,letenye,leteri,lethbridge,leticia,letka,letlhakane,letlhakeng,letnany,letnik,letnitsa,letnyaya stavka,letohrad,letoianni,letovice,letownia,letpandan,letschin,letsheng,lettere,letterkenny,lettomanoppello,letychiv,leu,leua,leubsdorf,leucate,leuchars,leudelange,leuk,leumeah,leun,leuna,leura,leusden,leutasch,leuteboro,leutenbach,leutenberg,leutersdorf,leutershausen,leutkirch im allgau,leuven,leuville-sur-orge,lev tolstoy,leval,levallois-perret,levanger,levant,levanto,levashi,levashovo,levate,level green,level park-oak park,level plains,levelek,levelland,leven,leven,levens,leverano,leverkusen,leves,levice,levico terme,levier,levikha,levin,levis,levittown,levittown,levittown,levoca,levokumka,levokumskoye,levroux,levski,lewarde,lewenberg,lewes,lewes,lewin brzeski,lewisburg,lewisburg,lewisburg,lewisporte,lewiston,lewiston,lewiston,lewiston,lewiston orchards,lewistown,lewistown,lewistown,lewisville,lewisville,lexington,lexington,lexington,lexington,lexington,lexington,lexington,lexington,lexington,lexington,lexington,lexington,lexington hills,lexington park,lexington-fayette,lexy,leyland,leysdown-on-sea,leysin,leyte,leytron,lezajsk,lezama,lezat-sur-leze,lezay,lezennes,lezhe,lezhnevo,lezignan-corbieres,lezo,lezoux,lezzeno,lgovskiy,lhasa,lhay-les-roses,lherm,lhokseumawe,lhospitalet de llobregat,lian,liancourt,lianga,lianghu,liangxiang,lianhe,lianjiang,lianran,lianshan,lianyuan,lianzhou,lianzhou,liaocheng,liaoyang,liaoyuan,liaozhong,libacao,libacao,libano,libas,libas,libas,libas,libas,libato,libby,libcice nad vltavou,liben,libenge,liberal,libercourt,liberec,liberia,libertad,libertad,libertad,libertad,libertad,libertad,libertad,libertad,libertad,libertad,libertad,libertad,libertad,libertador general san martin,libertow,liberty,liberty,liberty,liberty,liberty,liberty,liberty,liberty,liberty,liberty,liberty,liberty city,liberty lake,libertyville,libiaz,libin,libochovice,libog,libohove,libon,libona,liboran,liborina,liboro,libourne,librazhd-qender,libres,libreville,librilla,librizzi,libuganon,libungan,libusin,licab,licata,licciana nardi,lice,licey al medio,lich,licheng,licheng,lichfield,lichinga,lichk,lichte,lichtenau,lichtenau,lichtenau,lichtenberg,lichtenburg,lichtenfels,lichtensteig,lichtenstein,lichtentanne,lichtenvoorde,lichtervelde,lichuan,liciada,licking,licodia eubea,licuriciu,lida,lidcombe,lidice,lidingoe,lidkoping,lido beach,lido di ostia,lidzbark,lidzbark warminski,liebenau,liebenau,liebenburg,liebenwalde,liebling,liedekerke,liederbach,liege,lieksa,lielvarde,lienden,lienen,lienz,liepaja,lier,lierna,lierneux,lieskau,liestal,liesti,liesveld,lieto,lieusaint,lievin,liezen,liffol-le-grand,liffre,ligao,ligaya,ligaya,ligayan,lighthouse point,lightning ridge,lignan-sur-orb,lignano sabbiadoro,ligne,ligny-en-barrois,ligonier,ligota,ligourion,ligueil,liguge,lihue,lija,lijesnica,likasi,likhoslavl,likhovskoy,likhoy,likino-dulevo,liknes,lilburn,lile-perrot,lile-rousse,liliani,lilienthal,liling,lilio,liliongan,lilla edet,lille,lille,lillebonne,lillehammer,lillerod,lillers,lillesand,lillestrom,lillington,lillo,lillooet,liloan,liloan,liloan,lilongwe,liloy,lilyfield,lim-oo,lima,lima,lima,lima,lima duarte,lima pampa,limache,liman,limana,limanancong,limanowa,limanu,limao,limaong,limas,limassol,limatola,limavady,limay,limay,limbaan,limbach-oberfrohna,limbadi,limbalod,limbang,limbazi,limbdi,limbe,limbe,limbiate,limbo,limbourg,limbuhan,limburg an der lahn,limburgerhof,limbus,limeil-brevannes,limeira,limena,limenaria,limerick,limerick,limido comasco,limin khersonisou,limington,liminka,limit,limni,limoeiro,limoeiro de anadia,limoeiro do ajuru,limoeiro do norte,limoges,limon,limon,limonade,limoncito,limonest,limot,limours,limoux,limpapa,limpio,limulan,limulunga,limuru,linabo,linabuan,linabuan sur,linamon,linan,linao,linao,linaon,linares,linares,linares,linares,linarolo,linars,linas,linay,lincent,lincheng,lincoln,lincoln,lincoln,lincoln,lincoln,lincoln,lincoln,lincoln,lincoln,lincoln,lincoln,lincoln,lincoln beach,lincoln city,lincoln heights,lincoln heights,lincoln park,lincoln park,lincoln park,lincoln park,lincoln village,lincoln village,lincolnia,lincolnshire,lincolnton,lincolnville,lincolnwood,lincroft,lind,linda,linda,linda-a-velha,lindale,lindale,lindau,lindberg,linden,linden,linden,linden,linden,linden,lindenfels,lindenholt,lindenhurst,lindenhurst,lindenwold,lindesberg,lindewitt,lindfield,lindhorst,lindi,lindisfarne,lindlar,lindo,lindome,lindon,lindow,lindsay,lindsay,lindsborg,lindsdal,lindstrom,lindwedel,line,lineville,linevo,linfen,linganore,lingasan,lingating,lingayen,lingcheng,lingdong,lingen,lingenfeld,lingfield,linghai,linghem,lingig,lingion,linglestown,lingolsheim,lingoni,lingsugur,linguaglossa,lingwood,lingyuan,linhai,linhares,linjiang,linkebeek,linkenheim-hochstetten,linkoping,linkou,linkou,linlithgow,linmansangan,linnich,lino lakes,linoan,linping,linqing,linqiong,linqu,lins,linselles,linshui,linstead,lint,lintangan,linthicum,linthwaite,lintingkou,linton,linton hall,lintong,linwood,linwood,linxi,linxia,linyi,linyola,linz,linz am rhein,lion-sur-mer,lionel town,lioni,liopetri,liozon,lipa city,lipahan,lipanesti,lipany,lipari,lipay,lipayran,liperi,lipetsk,liphook,lipiany,lipik,lipin bor,lipinki,lipka,lipkovo,lipljan,lipnica mala,lipnica wielka,lipnica wielka,lipnicki sor,lipnik nad becvou,lipnita,lipno,lipolist,lipomo,lipova,lipova,lipovat,lipovljani,lipovtsy,lipovu,lipowa,lippstadt,lipscomb,lipsheim,lipsk,lipsko,liptovsky hradok,liptovsky mikulas,lipusz,lira,lire,lisa,lisakovsk,lisala,lisarow,lisbon,lisbon,lisbon,lisbon,lisbon,lisbon,lisbon,lisbon falls,lisburn,liscate,liseleje,lishu,lishui,lisia gora,lisichansk,lisieux,lisiy nos,liskeard,liski,lisle,lisle-adam,lisle-dabeau,lisle-sur-la-sorgue,lisle-sur-tarn,lismore,lisnaskea,lisov,liss,lisse,lisses,lissieu,lissone,list,listowel,listrac-medoc,listvyagi,listvyanskiy,lita,litayan,litchfield,litchfield,litchfield,litchfield park,litein,liteni,liter,litherland,lithgow,lithia springs,lithonia,liti,litija,lititz,litochoro,litomerice,litomysl,litovel,litovko,littau,little amwell,little baguio,little canada,little chalfont,little chute,little clacton,little cottonwood creek valley,little current,little eaton,little elm,little falls,little falls,little falls,little ferry,little flock,little gombi,little kohler,little lever,little paxton,little river,little river-academy,little rock,little silver,littlefield,littlehampton,littlehampton,littleport,littlestown,littleton,littleton,littleton common,litvinov,lityn,litzendorf,liuanzhuang,liuduzhai,liuhe,liukuaizhuang,liuli,liuwudian,liuyang,liuzikou,livada,livada,livadeia,livadhia,livadion,livadiya,livanatai,livani,livarot,live oak,live oak,live oak,live oak,livenka,liverdun,livermore,livermore,liverpool,liverpool,liverpool,liversedge,livezeni,livezi,livezi-vale,livezile,livezile,livingston,livingston,livingston,livingston,livingston,livingston,livingston,livingston,livingstone,livingstonia,livno,livny,livonia,livorno,livorno ferraris,livraga,livramento do brumado,livron-sur-drome,livry-gargan,livry-sur-seine,liwale,liwan,liwonde,lixiqiao,lixourion,lizy-sur-ourcq,lizzanello,lizzano,lizzano in belvedere,ljig,ljubinje,ljubljana,ljubovija,ljubuski,ljungby,ljungbyhed,ljunghusen,ljungsbro,ljungskile,ljusdal,ljusne,ljutomer,llagostera,llaillay,llallagua,llanbradach,llanca,llandovery,llandrindod wells,llandudno,llandybie,llandysul,llanelli,llanera,llanera,llanes,llanfairfechan,llanfairpwllgwyngyll,llangefni,llangollen,llanharan,llanharry,llanidloes,llano,llano grande,llanrwst,llantrisant,llantwit fardre,llantwit major,llata,llazice,llefia,lleida,llera de canales,llerena,llica damunt,lliria,llodio,llombai,llongasora,lloren,llorente,llorente,lloret de mar,lloro,llosa de ranes,lloseta,lloyd harbor,lloydminster,llubi,llucmajor,lluidas vale,lluta,llutxent,lluveras,lo arado,lo prado,loa janan,loacan,loamnes,loanda,loandjili,loanhead,loano,lobamba,lobanovo,lobao,lobatse,lobau,lobbes,lobethal,lobez,lobios,lobito,lobnitz,lobnya,lobo,lobon,lobong,lobstadt,lobuni,loburg,lobva,lobzenica,locate di triulzi,locate varesino,loch garman,loch lomond,locharbriggs,lochau,lochbuie,lochearn,loches,lochgau,lochgelly,lochgilphead,lochmaben,lochmoor waterway estates,lochow,lochristi,lochsloy,lochwinnoch,lock haven,lockeford,lockerbie,lockhart,lockhart,lockland,locknitz,lockport,lockport,lockport,lockwood,locmayan,locmine,locmiquelic,locoal-mendon,locon,locorotondo,locri,loctudy,locust,locust grove,locust valley,lod,loddekopinge,loddon,lode,lodeve,lodeynoye pole,lodhikheda,lodhran,lodi,lodi,lodi,lodi,lodi,lodi vecchio,loding,lodja,lodosa,lodwar,lodygowice,lodz,loeches,loei,loenen,lofall,loffenau,loffingen,lofthouse,loftus,loftus,log,logan,logan,logan city,logan lake,logansport,loganville,logatec,lognes,logon,lograto,logresti,logrono,logrosan,logstor,logten,logumkloster,lohaghat,lohardaga,loharu,lohberg,lohe-rickelshof,lohfelden,lohja,lohmar,lohmen,lohnberg,lohne,lohogaon,lohr,lohra,lohsa,lohtaja,loiano,loiching,loikaw,loimaan kunta,loire-sur-rhone,loiri,loison-sous-lens,loitz,loiza,loja,loja,lojane,lojt kirkeby,lokachi,lokbatan,lokeren,loket,lokhvytsya,loknya,lokoja,lokomotivnyy,lokoshaza,lokosovo,lokossa,lokot,loksa,lokve,lokvine,lola,lollar,lolleria,lolo,lolodorf,lolotique,lom,lom,lom sak,lom u mostu,loma,loma de cabrera,loma de gato,loma linda,loma rica,lomagna,lomas de sargentillo,lomazzo,lombard,lombardia,lombocan,lombog,lomboy,lombron,lome,lomello,lomianki,lomintsevskiy,lomira,lomita,lomma,lommatzsch,lomme,lommel,lomnice nad popelkou,lomo de arico,lomonosov,lomovka,lompoc,lompret,lomza,lonar,lonate ceppino,lonate pozzolo,lonato,lonavale,loncoche,loncopue,londa,londerzeel,londiani,london,london,london,londonderry,londonderry county borough,londontowne,londres,londrina,lone grove,lone pine,lone tree,long,long ashton,long beach,long beach,long beach,long beach,long branch,long buckby,long crendon,long eaton,long grove,long hill,long island city,long jetty,long lake,long lawford,long melford,long mountain,long neck,long prairie,long stratton,long sutton,long xuyen,longages,longare,longarone,longavi,longboat key,longbranch,longdendale,longeville-les-metz,longeville-les-saint-avold,longeville-sur-mer,longfeng,longfield,longford,longford,longiano,longido,longjiang,longjing,longjumeau,longkou,longlaville,longlisuo,longmeadow,longmen,longmont,longniddry,longobardi,longobucco,longonjo,longos,longperrier,longpont-sur-orge,longquan,longridge,longsight,longtan,longton,longtouan,longtown,longtown,longueau,longueil-annel,longuenesse,longueuil,longueville,longuyon,longvic,longview,longview,longview,longview heights,longwood,longwy,longyearbyen,loni,lonigo,loningen,lonnerstadt,lono,lonoke,lonoy,lons,lons-le-saunier,lonsdale,lonsee,lontzen,loo,looc,looc,looc,looc,looc,loogootee,lookan,loomis,loon,loon op zand,loon-plage,loos,loos-en-gohelle,loosdorf,lop buri,lopandino,lopare,lopatari,lopatin,lopatino,lopatinskiy,lope de vega,lopera,loperhet,lopez,lopez,lopez jaena,lopez jaena,lopez jaena,lopezville,lopik,loppi,lopsmarka,lopukhiv,loqueb,lora del rio,lorain,loralai,lorane,lorca,lorch,lordelo,lordelo,lordsburg,lordstown,loreggia,lorena,lorengau,lorenz park,loreo,loreto,loreto,loreto,loreto,loreto,loreto,loreto aprutino,lorette,lorgues,loria,lorica,lorient,lorinci,loriol-du-comtat,loriol-sur-drome,loris,lormi,lormont,loro ciuffenna,loro piceno,lorqui,lorrach,lorraine,lorris,lorsch,lorton,lorup,lorvao,lorzweiler,los alamitos,los alamos,los alcazares,los algarrobos,los algodones,los altos,los altos,los altos,los altos hills,los amates,los andes,los andes,los angeles,los angeles,los angeles,los antiguos,los aquijes,los arabos,los arcos,los banos,los banos,los barrios,los botados,los cedrales,los cerrillos,los charruas,los chaves,los chiles,los condores,los cordobas,los corrales,los corrales de buelna,los dos caminos,los frentones,los fresnos,los gatos,los helechos,los hidalgos,los juries,los llanos,los llanos,los llanos de aridane,los lunas,los menucos,los mochis,los molares,los molinos,los molinos,los montesinos,los navalmorales,los navalucillos,los negros,los osos,los palacios,los palacios y villafranca,los palmitos,los patios,los ranchos de albuquerque,los rastrojos,los realejos,los reyes,los reyes,los reyes,los reyes acozac,los rios,los santos,los santos de maimona,los serranos,los silos,los surgentes,los telares,los varela,los yebenes,los zacatones,losal,losar de la vera,losevo,losheim,loshnitsa,losice,losino-petrovskiy,losinyy,losone,lososina,lososina dolna,lossburg,losser,lossiemouth,lossnitz,lost creek,lost hills,lostau,lostice,lostorf,lostwithiel,lota,loten,lotoshino,lotte,lottstetten,lotzorai,lotzwil,louang namtha,louangphabang,louannec,louargat,loubert,loucna nad desnou,loucovice,loucovice,loudeac,loudi,loudon,loudonville,loudun,loue,loughborough,loughman,loughrea,louhans,louis trichardt,louisa,louisburg,louisburg,louiseville,louisiana,louisville,louisville,louisville,louisville,louisville,louisville,loukhi,loule,loum,louny,lourches,lourdes,lourdes,lourdes,lourdes,lourdes,loures,lourical,lourinha,louros,lourosa,loury,lousa,lousame,loushanguan,louth,loutraki,louvain-la-neuve,louveciennes,louveira,louverne,louviers,louvigne-du-desert,louvigny,louvres,louvroil,lovasbereny,lovech,lovejoy,loveland,loveland,lovell,lovendegem,lovere,loves park,lovington,lovisa,lovosice,lovozero,lovran,lovrenc na pohorju,lovrin,lowdham,lowell,lowell,lowell,lowell,lowell,lowell,lowenstein,lower allen,lower burrell,lower earley,lower grand lagoon,lower hutt,lowes island,lowestoft,lowesville,lowicz,lowville,loxahatchee groves,loxstedt,loyalhanna,loyettes,loyola,loyola,lozanne,loznitsa,lozova,lozovo,lozuvatka,lozzo atestino,lu-uk,luancheng,luanco,luanda,luanda,luangwa,luanshya,luau,luba,lubaczow,luban,lubana,lubang,lubango,lubao,lubao,lubartow,lubasz,lubawa,lubawka,lubbecke,lubbeek,lubben,lubbenau,lubbock,lubenia,lubersac,lubica,lubichowo,lubicz dolny,lubicz gorny,lubien,lubigan,lubin,lublin,lubliniec,lubmin,lubniewice,lubny,lubomia,lubon,lubowidz,lubraniec,lubsko,lubtheen,lubu,lubuagan,lubuklinggau,lubumbashi,luby,lubz,luc-la-primaube,luc-sur-mer,lucap,lucapa,lucapon,lucas,lucas,lucas gonzalez,lucas valley-marinwood,lucasville,lucaya,lucban,lucban,lucca,lucca sicula,lucciana,luce,lucea,lucedale,lucelia,lucena,lucena,lucena,lucena del puerto,lucenec,lucens,lucera,lucerne,lucerne,lucerne valley,lucero,lucero,luchegorsk,lucheng,luchenza,luchingu,luchow,lucieni,lucignano,lucija,luciu,lucka,luckau,luckeesarai,luckenwalde,lucknow,lucko,luco dei marsi,lucon,lucsuhin,ludbreg,luddenden foot,ludenscheid,luderitz,ludersdorf,ludesti,ludgerovice,ludhiana,ludinghausen,ludington,ludlow,ludlow,ludlow,ludon-medoc,ludres,ludus,ludvika,ludwigsburg,ludwigsfelde,ludwigshafen am rhein,ludwigslust,ludwigsstadt,ludwikowice klodzkie,ludwin,ludza,ludzmierz,luebeck,luebo,luena,lueta,lufkin,luftkurort arendsee,luga,lugagnano val darda,lugait,lugano,luganville,lugarno,lugasu de jos,lugau,lugavcina,lugazi,lugde,lugo,lugo,lugo,lugo di vicenza,lugoba,lugoff,lugoj,lugones,lugovaya,lugovoy,lugovskoy,lugrin,lugu,lugui,lugulu,lugus,luhacovice,luhansk,luhe-wildenau,luhyny,luica,luimneach,luino,luis correia,luis gil perez,luis llorens torres,luis m. cintron,luis moya,luisago,luisant,luisiana,luizi-calugara,lujan,luka nad jihlavou,lukashin,lukatan,lukavica,lukh,lukhovitsy,lukhovka,luki,lukicevo,lukino,lukiv,luklukan,luknovo,lukolela,lukovetskiy,lukovit,lukow,lukowa,lukowica,lukoyanov,luksuhin,lukuledi,lukulu,lula,lulea,luleburgaz,lulindi,luling,luling,lumajang,lumangbayan,lumangbayan,lumatil,lumazal,lumbac,lumbang,lumbangan,lumbayan,lumbayao,lumberton,lumberton,lumberton,lumbia,lumbog,lumbrales,lumbres,lumbwa,lumding railway colony,lumeje,lumezzane,lumil,lumina,lummen,lumphat,lumpkin,lumut,lumuyon,lun pequeno,luna,luna,luna,luna,luna,lunao,lunas,lunavada,lunca,lunca,lunca,lunca,lunca banului,lunca bradului,lunca corbului,lunca de jos,lunca de sus,lunca ilvei,lunca muresului,luncavita,luncavita,luncoiu de jos,lund,lundazi,lundin links,luneburg,lunec,lunel,lunel-viel,lunen,lunen,lunenburg,luneray,lunestedt,lunetten,luneville,lungani,lungaog,lungavilla,lungern,lungesti,lunglei,lungog,lungro,lunguletu,lunino,luninyets,lunion,lunsar,luntal,lunteren,lunzenau,luocheng,luohe,luojiu,luopioinen,luorong,luoyang,luoyang,luoyang,lupac,lupao,lupburg,lupeni,lupeni,luperon,lupi,lupi viejo,lupiro,lupo,lupon,lupsa,lupsanu,luqa,luqiao,luque,luquillo,lurago derba,lurago marinone,lurano,luras,lurate caccivio,luray,lurcy-levis,lure,luruaco,lurugan,lusacan,lusaka,lusambo,lusciano,luserna san giovanni,lushnje,lushoto,lushun,lusia,lusiana,lusignan,lusk,lusong,lussac-les-chateaux,lustadt,lustenau,lustosa,lut-od,lutana,lutayan,lutcher,luterbach,lutherville,lutin,lutjenburg,lutjensee,lutkun,luton,lutry,lutsk,lutter am barenberge,lutterbach,lutterworth,lutugino,lutz,lutzelbach,lutzelfluh,lutzen,luuk datan,luumaki,luuq,luverne,luverne,luvia,luvianos,luwero,luwingu,luwuk,luxembourg,luxemburg,luxeuil-les-bains,luxia,luxor,luxu,luyando,luyang,luynes,luz,luz,luza,luzarches,luze,luzern,luzerne,luzerne,luzhany,luziania,luzice,luzilandia,luzinay,luzino,luzino,luzmela,luzna,luzon,luzy,luzzara,luzzi,lviv,lvovskiy,lwowek,lwowek slaski,lyakhavichy,lyambir,lyamino,lyangasovo,lyantonde,lyantor,lyaskelya,lyaskovets,lyasny,lychen,lycksele,lydbrook,lydd,lydenburg,lydney,lyepyel,lyford,lykhivka,lykovrysi,lyman,lyman,lyman,lymanske,lymbia,lyme regis,lyminge,lymington,lymm,lynbrook,lynchburg,lynchburg,lynchburg,lynchburg,lyncourt,lynden,lyndhurst,lyndhurst,lyndhurst,lyndon,lyndon,lyneham,lyngdal,lynge,lynn,lynn haven,lynnfield,lynnwood,lynnwood-pricedale,lynwood,lynwood,lynwood,lyon,lyons,lyons,lyons,lyons,lyons,lypcha,lypnyazhka,lypova dolyna,lys-lez-lannoy,lysa hora,lysa nad labem,lysaker,lyse,lysekil,lyskovo,lysogorskaya,lyss,lysva,lysyanka,lysychovo,lysyye gory,lytchett matravers,lytham st annes,lythrodhondas,lytkarino,lytle,lyuban,lyuban,lyubar,lyubashivka,lyubech,lyubertsy,lyubim,lyubimets,lyubinskiy,lyubokhna,lyuboml,lyubotyn,lyubuchany,lyubymivka,lyubytino,lyudinovo