ma-kung,maagnas,maalot tarshiha,maamba,maan,maanas,maaninka,maao,maardu,maarn,maarrat misrin,maarssen,maasbracht,maasbree,maasdijk,maaseik,maasin,maasin,maasin,maasin,maasmechelen,maassluis,maastricht,maayon,maayong tubig,maba,mababanaba,mabahin,mabai,mabalacat,mabama,mabamba,mabank,mabasa,mabay,mabayo,mabilang,mabilao,mabilbila sur,mabilog,mabinay,mabini,mabini,mabini,mabini,mabini,mabini,mabini,mabini,mabitac,mabiton,mableton,mably,mabopane,mabton,mabua,mabuhay,mabuhay,mabunga,mabusag,mabuttal east,macaas,macabuboni,macabugos,macachin,macae,macael,macaiba,macalamcam a,macalaya,macalelon,macalong,macalva norte,macapa,macaparana,macapsing,macara,macaracas,macarse,macarthur,macas,macatbong,macatuba,macau,macau,macau,macaubas,macayug,maccagno,macchiagodena,macclenny,macclesfield,macduff,macea,maceda,macedo de cavaleiros,macedonia,maceio,maceira,macenta,maceo,macerata,macerata campania,macerata feltria,mach,machacamarca,machachi,machado,machagai,machakos,machala,machali,machalpur,machaneng,machecoul,macheke,machelen,machen,macheng,macheren,macherio,macherla,machern,machesney park,machhiwara,machhlishahr,machico,machida,machilipatnam,machinda,machiques,machulishchy,machynlleth,macia,macia,macieira de cambra,maciejowice,macin,mack,macka,mackay,mackenbach,mackinaw,macksville,maclean,maco,macomb,macomer,macon,macon,macon,macon,macouria,macquarie,macrohon,macroom,macultepec,macungie,macusani,macuspana,macvanska mitrovica,mad,madaba,madagali,madala,madalag,madalena,madalena,madambakkam,madan,madanapalle,madang,madanpur,madaoua,madara,madaras,madaras,madaripur,madarounfa,madawaska,madawaska,maddaloni,maddarulog,maddela,maddington,maddur,madeira,madeira beach,madeji,madelia,madera,madera,madera acres,madgaon,madhipura,madhoganj,madhogarh,madhogarh,madhubani,madhugiri,madhupur,madhyamgram,madignano,madikeri,madill,madimba,madina,madinat hamad,madinat isa,madinat sittah uktubar,madingou,madipakkam,madison,madison,madison,madison,madison,madison,madison,madison,madison,madison,madison,madison,madison,madison,madison,madison,madison center,madison heights,madison heights,madison park,madisonville,madisonville,madisonville,madiswil,madiun,madocsa,madona,madone,madras,madre de deus,madrid,madrid,madrid,madrid,madrid,madridejos,madridejos,madridejos,madrigalejo,madrigueras,madronera,madruga,maduao,madugula,madukkarai,madukkur,madulao,madurai,madurantakam,madzhalis,mae chan,mae hong son,mae ramat,mae sai,mae sot,mae tha,maebaru,maebashi-shi,maella,maennedorf / dorfkern,maenttae,maenza,maeriste,maerstetten,maeser,maesteg,mafeteng,mafinga,mafra,mafra,mafshatah,magadan,magadi,magadi,magalalag,magalang,magalas,magalia,magallanes,magallanes,magallanes,magallanes,magallon cadre,magaluf,magam,magangue,maganoy,magapit,magaramkent,magarao,magaria,magatos,magay,magbay,magburaka,magdagachi,magdala,magdalena,magdalena,magdalena,magdalena contreras,magdalena cuayucatepec,magdalena de kino,magdalena milpas altas,magdalena teitipac,magdeburg,magden,magdiwang,magdug,magee,magelang,magenta,magenta,magesti,maghar,maghar,maghera,magherafelt,magherani,maghull,magione,magiresti,magistralnyy,maglaj,maglajani,maglamin,magland,maglavit,magliano alpi,magliano demarsi,magliano in toscana,magliano sabina,maglic,maglie,magliman,maglod,magna,magnac-laval,magnac-sur-touvre,magnaga,magnago,magnano in riviera,magnanville,magnassini-nindri,magne,magnetic island,magnitka,magnitogorsk,magnolia,magnolia,magnolia,magnolia,magny-en-vexin,magny-le-hongre,magny-les-hameaux,mago,magocs,magog,magole,magomeni,magomeni,magor,magoula,magpet,magrath,magsalangi,magsaysay,magsaysay,magsaysay,magsaysay,magsingal,magstadt,magtaking,magtangol,magu kahangara,magugu,maguiling,maguinao,maguling,magumeri,magura,magura,magura,magura ilvei,magurele,magurele,magureni,maguyam,magway,magyarbanhegyes,maha sarakham,mahaba,mahabad,mahabaleshwar,mahaban,mahabang parang,mahad,mahaddayweyne,mahaica village,mahaicony village,mahajanga,mahala,mahala,mahalapye,mahalingpur,maham,mahanje,mahanob,mahanoro,mahanoy city,mahaplag,maharagama,maharajganj,maharajganj,maharajganj,maharajganj,mahasamund,mahates,mahaut,mahavelona,mahayag,mahayag,mahayag,mahbubabad,mahbubnagar,mahdalynivka,mahdia,mahe,mahebourg,mahemdavad,mahendragarh,mahendranagar,mahenge,maheshwar,mahgawan,mahiari,mahibadhoo,mahilyow,mahina,mahinog,mahishadal,mahlberg,mahmudabad,mahmudia,mahmutlar,mahoba,maholi,mahomet,mahonda,mahopac,mahring,mahroni,mahtomedi,mahudha,mahur,mahuta,mahuta,mahwah,maia,maibong,maibu,maicanesti,maicao,maiche,maida,maida vale,maiden,maidenbower,maidenhead,maidstone,maiduguri,maienfeld,maierato,maieru,maierus,maignelay-montigny,maigo,maihar,maikammer,mailag,mailani,maili,maillane,mailly-le-camp,mailsi,maimara,maimbung,main beach,mainaguri,mainaschaff,mainbernheim,mainburg,maincy,maindang,maindargi,maine-soroa,maing,mainhardt,mainit,mainit,mainit,mainit norte,mainleus,mainpuri,mainque,maintal,maintenon,mainvilliers,mainz,maiolati spontini,maiori,maiquetia,mairana,mairang,mairano,mairena del alcor,mairena del aljarafe,mairi,mairinque,mairipora,mairwa,maisach,maisdon-sur-sevre,maisons-alfort,maisons-laffitte,maissade,maisse,maitland,maitum,maiurno,maiyema,maizal,maize,maizieres-les-metz,maizuru,majadahonda,majagual,majalengka,majano,majayjay,majaz al bab,majdal bani fadil,majdan krolewski,majdanpek,majenang,majene,majengo,majholi,majiadian,majie,majitha,major isidoro,majorna,majur,majuro,makabe,makadi bay,makaha,makakilo,makakilo city,makali,makalle,makamba,makanya,makariv,makarov,makarska,makary,makaryev,makassar,makato,makawao,makedonska kamenica,makedonski brod,makeni,makhachkala,makhalino,makhambet,makhinjauri,makhjan,makhu,maki,makilala,makinsk,makir,makiwalo,makiyivka,makkaveyevo,makkum,makkum,maklar,mako,makokou,makoua,makouda,makow mazowiecki,makow podhalanski,makrakomi,makrana,makrisia,makrochorion,makry gialos,makrygialos,maksatikha,maksi,maktar,makubetsu,makueni,makum,makumbako,makungu,makurazaki,makurdi,makushino,makuyuni,mala,mala,mala bilozerka,mala danylivka,mala kladusa,mala strana,mala tokmachka,mala vyska,malaba,malabag,malabago,malabanan,malabanban norte,malabang,malabar,malabar,malabo,malabog,malabon,malabor,malabrigo,malabugas,malabuyoc,malacacheta,malacampa,malacatan,malacatancito,malacatepec,malacky,malad city,maladzyechna,malaga,malaga,malaga,malagon,malagos,malagueno,malahide,malaiba,malainen luma,malajog,malakal,malakhovka,malakoff,malakoff,malakwal,malakwal city,malalag,malalbergo,malambo,malamig,malamote,malampaka,malanay,malandag,malanday,malang,malangabang,malangali,malangas,malangwa,malanje,malans,malansac,malanville,malaoa,malapag,malapatan,malappuram,malard,malarm,malartic,malaruhatan,malaryta,malasila,malasin,malasin,malasugui,malatap,malatya,malaucene,malaunay,malaut,malavalli,malawag,malax,malaya,malaya purga,malaya serdoba,malaya vishera,malayal,malaybalay,malayer,malayo-an,malazgirt,malbang,malbork,malbug,malbug,malcesine,malchin,malchow,malczyce,maldaeni,maldaresti,maldegem,malden,malden,maldon,maldonado,male,male,maleevsk,malegaon,malegno,malemort-sur-correze,malente,maleo,maler kotla,malesherbes,malesici,malesina,malestroit,maletto,malgobek,malgrat de mar,malgrate,malhador,malhargarh,malhiao,mali,mali losinj,malia,malibago,malibong east,malibu,malibu beach,malicboy,malicorne-sur-sarthe,malidong,malie,maligaya,malihabad,maliig,malikisi,malilinao,malilipot,malim,malin,malinalco,malinao,malinao ilaya,malinaw,malindi,malingao,malingin,malini,malino,malino,malinovka,malinovoye ozero,malinovskiy,malinta,malinyi,maliq,malisbeng,malisevo,malishka,malissard,malita,malitbog,malitbog,malitbog,malitubog,malka,malka,malkajgiri,malkangiri,malkapur,malkapur,malkara,malkera,malkerns,malkinia gorna,malko turnovo,mallapuram,mallasamudram,mallawi,mallemort,mallen,malleray,mallersdorf-pfaffenberg,malles venosta,mallig,malling,mallow,mallur,malmberget,malmedy,malmesbury,malmesbury,malmkoping,malmoe,malmslatt,malmstrom air force base,malmyzh,malnas,malnate,malo,maloarkhangelsk,malocloc,maloco,malogoszcz,maloh,malokakhovka,malokaterynivka,malolos,maloma,malomice,malone,malone,malonno,malov,malovat,maloy,maloyaroslavets,maloye ganyushkino,maloye verevo,malpartida de caceres,malpartida de plasencia,malpe,malpica,malpica,malpur,malpura,malsch,malsch,malschwitz,malsfeld,malta,maltahohe,maltana,maltby,maltby,maltepe,malterdingen,malters,maltignano,maltignano,malton,maltrata,malu cu flori,malu mare,maluanluan,maluid,maluko,malula,malumfashi,malummaduri,malung,malungun,maluno,malur,malureni,malusac,malusay,maluso,malusteni,malvan,malvar,malveira,malvern,malvern,malvern,malvern east,malverne,malvik,malville,malvinas argentinas,malvito,malway,malya,malyi,malyn,malynivka,malysheva,malyye derbety,malzeville,mama,mama,mamadysh,mamakan,mamala,mamali,mamallapuram,mamanguape,mamaroneck,mamatid,mambagatan,mambago,mambajao,mambatangan,mambayaan,mambog,mambolo,mamboma,mambulo,mamburao,mambusao,mamedkala,mamer,mamers,mamfe,mamit,mammendorf,mamming,mammola,mammoth lakes,mamoiada,mamonovo,mamontovka,mamontovo,mamou,mamou,mamoudzou,mampong,mampurog,mamu kanjan,mamuju,mamungan,mamunit,mamurras,man,mana,manacapuru,manacor,manacsac,manado,managa,manage,managok,managua,manahawkin,manaira,manakara,manalad,manali,manali,manaloal,manalongon,manalurpettai,manama,manamadurai,manamrag,mananara avaratra,mananjary,mananum,mananwala,manaoag,manapa,manapla,manappakkam,manapparai,manaquiri,manaring,manas,manasa,manasia,manaskent,manasquan,manassas,manassas park,manastirea,manastirea humorului,manat,manat,manatal,manatee road,manati,manati,manati,manaul,manaulanan,manaure,manaure balcon del cesar,manaus,manavadar,manavalakurichi,manavgat,manawar,manay,manay,manbij,mancha real,manchar,mancheral,manchester,manchester,manchester,manchester,manchester,manchester,manchester,manchester,manchester,manchester,manchester,manchester,manchester,manchester,manchester center,manching,manchioneal,manciano,mancilang,mancio lima,mancora,manda,mandaguacu,mandaguari,mandahara,mandal,mandal,mandal,mandalay,mandalgarh,mandalgovi,mandali,mandaluyong city,mandamarri,mandan,mandangoa,mandaon,mandapam,mandapeta,mandas,mandasa,mandatoriccio,mandaue city,mandawar,mandawar,mandelieu-la-napoule,mandello del lario,mandera,mandeure,mandeville,mandeville,mandi,mandi bahauddin,mandiana,mandideep,mandih,mandili,mandla,mandleshwar,mando,mandok,mandra,mandra,mandres-les-roses,mandsaur,manduel,mandurah,manduria,mandvi,mandvi,mandya,maneadero,maneciu,maner,manerba del garda,manerbio,maneromango,manesti,manesti,manfalut,manfredonia,manga,manga,manga,manga,manga,mangai,mangalagiri,mangalam,mangaldai,mangaldan,mangalia,mangalore,mangaratiba,mangarine,mangas,mangatarem,mangawan,mange,mangere,mangero,mangerton,mangga,manggahan,manggar,manghit,mangilao village,mangili,mangla,manglaur,manglisi,mango,mangochi,mangoso,mangotsfield,mangrol,mangrol,mangrul pir,mangualde,manguito,mangum,mangusu,manhasset,manhasset hills,manhattan,manhattan,manhattan,manhattan beach,manhay,manheim,manhuacu,manhumirim,manhush,mani,mani,maniace,maniago,maniakoi,maniar,manibaug,manicahan,manicaragua,manicore,manihari,maniitsoq,manika,manikchari,manikling,manikpur,manila,manila,manilla,manilva,maninihon,maniowy,manisa,manises,manismata,manistee,manistique,manito,manitou beach-devils lake,manitou springs,manitowoc,maniwaki,manizales,manjacaze,manjakandriana,manjeri,manjeshwara,manjhanpur,manjimup,manjlegaon,manjo,manjoy,mankachar,mankapur,mankato,mankayan,mankera,mankoeng,mankono,manlio fabio altamirano,manlius,manlleu,manlucahoc,manly,manmad,mannarakkat,mannargudi,mannedorf,mannford,mannheim,manning,manning,mannington,manningtree,mannum,mano,manoc-manoc,manocalzati,manoel urbano,manogpi,manohar thana,manoharpur,manoharpur,manokwari,manoleasa,manolo fortich,manom,manoppello,manor,manor,manor,manorhaven,manorville,manorville,manosque,manouba,manowa,manpur,manquiring,manresa,mansa,mansa,mansa,mansa konko,mansalay,mansar,mansehra,mansfeld,mansfield,mansfield,mansfield,mansfield,mansfield,mansfield,mansfield,mansfield center,mansfield city,mansfield woodhouse,mansilingan,mansoa,mansoura,mansourah,manston,mansue,manta,manta,mantalongon,mantalongon,mantampay,mantang,manteca,manteigas,mantel,manteno,mantenopolis,mantes-la-jolie,mantes-la-ville,manthani,manti,manticao,mantiquil,mantorp,mantova,mantsala,mantua,mantua,manturovo,manturovo,mantyharju,manuangan,manubul,manuel,manuel,manuel roxas,manuguru,manuk mangkaw,manukan,manukau city,manup,manvel,manvi,manville,manwat,many,many,manyana,manyas,manyava,manzanares,manzanares,manzanares el real,manzanilla,manzanillo,manzanillo,manzano,manzhouli,manziana,manzil bu zalafah,manzil kamil,manzil salim,manzini,manzya,mao,mao,maonon,maoping,mapalacsiao,mapalad,mapanas,mapandan,mapaniqui,mapastepec,mapello,mapili,mapimi,maping,mapiri,mapiripan,maple creek,maple glen,maple glen,maple grove,maple heights,maple heights-lake desire,maple lake,maple ridge,maple shade,maple valley,mapleton,maplewood,maplewood,maplewood,maplewood,mapolopolo,maposeni,mapuca,mapulo,mapulot,mapusagafou,maputi,maputo,maputsoe,maqat,maquiapo,maquiling,maquinchao,maquoketa,mar de espanha,mar del plata,mar-mac,maraa,maraba,marabba,marabella,maracacume,maracai,maracaibo,maracaju,maracalagonis,maracana,maracanau,maracas,maracay,maracena,maracineni,maracineni,maradi,maragogi,maragogipe,maragondon,maragua,marahra,maraial,marakkanam,maralal,maralik,maramag,maramba,marana,marand,marandahalli,maranding,maranello,marang,marangani,marange-silvange,marano di napoli,marano di valpolicella,marano lagunare,marano marchesato,marano principato,marano sul panaro,marano vicentino,marans,marantao,marao,marapanim,marasheshty,marasu,marat,marataizes,maratea,marathon,marathon,marathona,marau,marau,maraussan,maravatio,maravatio del encinal,maravilla,marawa,marawi,marawi,marawi city,marawis,marazy,marbach am neckar,marbel,marbella,marble falls,marblehead,marboz,marburg an der lahn,marca,marcala,marcali,marcallo con casone,marcaria,marcavelica,marceline,marcellina,marcellinara,march,marchamalo,marche-en-famenne,marchena,marcheno,marcheprime,marchiennes,marchin,marchirolo,marchtrenk,marchwood,marciana,marcianise,marciano,marcignago,marcigny,marcilla,marcilly-en-villette,marck,marckolsheim,marco,marco,marcoing,marcos juarez,marcovia,marcq-en-baroeul,marculesti,marcus hook,marda,mardakyany,mardan,marden,mardie,mardin,mare la chaux,marebbe - enneberg,marechal candido rondon,marechal deodoro,marechal floriano,mareeba,mareil-marly,marene,marengo,marengo,marennes,mareno di piave,mareuil-sur-lay-dissais,marevo,marfa,marfil,marfino,marfino,margahayukencana,margahovit,margaret,margaret river,margaride,margarita,margarita,margarita belen,margasari,margate,margate,margate,margate,margate,margate city,margen,margency,margetshochheim,margherita,margherita,margherita di savoia,margilon,margina,marginea,margineni,margineni-munteni,margita,margny-les-compiegne,margonin,margos,margosatubig,margraten,marguerittes,marhamat,marhanets,marhaura,mari,mari-turek,maria aurora,maria cristina,maria de huerva,maria de la salut,maria enzersdorf,maria la baja,mariager,mariahu,mariakani,marialva,mariana,mariani,marianna,marianna,mariano,mariano colon,mariano comense,mariano escobedo,mariano i. loza,mariano moreno,marianopoli,marianske lazne,mariapocs,mariara,mariarade,maribo,maribojoc,maribondo,maribong,maribor,marica,maricaban,maricalom,maricka,maricopa,maridi,mariefred,mariehamn,mariel,mariemont,marienberg,marienburg,marienhafe,marienheide,mariental,marienthal,marienville,mariestad,marietta,marietta,marietta,marietta,marietta,marietta-alderwood,marieville,marigaon,mariglianella,marigliano,marignane,marignier,marigny,marigot,marigot,marihatag,mariinsk,mariinskiy posad,marijampole,marilandia,marilao,marilia,marin,marin,marin city,marina,marina del rey,marina di carrara,marina di gioiosa ionica,marina di ragusa,marina horka,marinaleda,marine city,marineo,marines,marinette,maringa,maringues,marinha grande,marinhais,marinhas,marinici,marinilla,marino,marino,marino,marintoc,marion,marion,marion,marion,marion,marion,marion,marion,marion,marion,marion,marion,marion,marionville,mariposa,mariquita,mariselu,marissa,mariupol,mariveles,marjamaa,markala,markapur,markaryd,markaz-e hukumat-e darweshan,markaz-e woluswali-ye achin,markdorf,marked tree,markelo,markersbach,markersdorf,market bosworth,market deeping,market drayton,market harborough,market lavington,market rasen,market weighton,markfield,markgroningen,markha,markham,markham,marki,markinch,markivka,markkleeberg west,marklkofen,marklohe,marklowice,markneukirchen,markopoulo,markopoulo oropou,markova,markovo,markowa,markranstadt,marks,marks tey,marksuhl,marksville,markt bibart,markt erlbach,markt indersdorf,markt rettenbach,markt schwaben,markt wald,marktbreit,marktheidenfeld,marktl,marktleugast,marktleuthen,marktoberdorf,marktredwitz,marktrodach,markyate,marl,marlboro,marlboro meadows,marlborough,marlborough,marlborough,marle,marlengo,marlenheim,marles-les-mines,marliana,marlin,marlow,marlow,marlow,marlow,marlow heights,marlton,marlton,marly,marly,marly-la-ville,marly-le-roi,marmagao,marmagne,marmande,marmara,marmaraereglisi,marmarashen,marmaris,marmelade,marmirolo,marmolejo,marmoutier,marnate,marnaz,marneuli,maroantsetra,maroeuil,marogong,marolambo,maroldsweisach,marolles-en-hurepoix,marolles-les-braults,maromme,marondera,marone,maroon town,maroslele,marostica,maroua,maroubra,marousi,marousi,marovoay,marpent,marpingen,marple,marquard,marquartstein,marquelia,marquetalia,marquette,marquette heights,marquette-lez-lille,marquise,marradi,marrakesh,marratxi,marrero,marrickville,marrubiu,marsa,marsa,marsa,marsa alam,marsa matruh,marsabit,marsada,marsala,marsannay-la-cote,marsassoum,marsaxlokk,marsberg,marschacht,marsciano,marsden,marseillan,marseille,marseilles,marsella,marsh harbour,marshall,marshall,marshall,marshall,marshall,marshall,marshalltown,marshfield,marshfield,marshfield,marshfield,marshfield hills,marshintsy,marshville,marsico nuovo,marsico vetere,marsillargues,marsilly,marske-by-the-sea,marslet,marssac-sur-tarn,marsta,marstal,marston moretaine,marstons mills,mart,marta,martaban,martakert,martan-chu,martano,martapura,marte,martellago,martensville,martfeld,martha lake,martham,marti,martignacco,martignas-sur-jalle,martigne-ferchaud,martigny-ville,martigues,martil,martillac,martin,martin,martin de la jara,martina franca,martinengo,martinez,martinez,martinez de la torre,martinho campos,martinis,martinon,martinopolis,martins ferry,martinsburg,martinsburg,martinsicuro,martinsville,martinsville,martinsville,martock,martonvasar,martorell,martorell,martos,martres-tolosane,marttila,martuk,martuni,martvili,martyush,maru,marugame,maruggio,maruim,maruko,marumori,maruntei,maruoka,marupit,marvao,marvejols,marvin,marxheim,mary,mary esther,maryborough,maryborough,maryland city,maryland heights,maryport,marystown,marysville,marysville,marysville,marysville,marysville,marysville,maryville,maryville,maryville,marzabotto,marzanesti,marzano,marzling,marzy,masaba,masachapa,masagua,masaguisi,masaka,masaka,masaki-cho,masakin,masaling,masalipit,masallatah,masally,masalovka,masalukot uno,masan,masantol,masapang,masaraway,masarayao,masasi,masate,masatepe,masaurhi buzurg,masaya,masaya,masbate,masca,mascali,mascalucia,mascot,mascot,mascota,mascote,mascotte,mascouche,mascoutah,maselheim,maser,masera di padova,maserada sul piave,maseru,masevaux,mashah,mashava,mashhad,mashi,mashiko,mashivka,mashpee,mashtul as suq,masi torello,maside,masiga,masila,masina,masindi,masindi port,masingbi,masinigudi,masinloc,masis,masjed soleyman,masjid jamie baitul muttaqien,masku,maslianico,masloc,maslog,maslova pristan,maslovare,maslovka,masnieres,masny,masoko,masoli,mason,mason,mason,mason city,mason city,mason vicentino,masonboro,masone,masonogan,masontown,masoyila,masquefa,massa,massa di somma,massa e cozzile,massa fiscaglia,massa lombarda,massa marittima,massa martana,massac,massafra,massagno,massaguet,massakory,massalengo,massalubrense,massamagrell,massandra,massanetta springs,massanutten,massanzago,massapequa,massapequa park,massaranduba,massarosa,massawa,massaya sur,massbach,massena,massenbachhausen,massenya,masserano,masserberg,massieux,massillon,massing,massy,mastacani,mastaga,masterton,mastic,mastic beach,mastung,masty,masuda,masuguru,masumbwe,masunga,masury,masvingo,maswa,masyaf,maszewo,mat-i,mat-i,mata de sao joao,mata grande,mata-utu,matabao,matabhanga,matabungkay,matacina,matacon,matadepera,matadi,matagalpa,matagami,matagbak,matai,matala,matalam,matalom,matamata,matamba,matamey,matamoras,matamoras,matamoros,matanao,matane,matangad,matanzas,matanzas,matao,mataquescuintla,matara,mataram,mataro,matasari,matasaru,mataundh,matawan,matay,matay,mataya,matayumtayum,mataywanac,matca,mateesti,matehuala,matei,matejche,matelandia,matelica,matera,mateszalka,mateur,mateus leme,matfors,matha,mathambgwane,mathathane,mathay,mathba,matheran,mathews,mathi,mathis,mathura,mati,matiao,matiari,matias barbosa,matias olimpio,matias romero,maticmatic,matiguas,matina,matinao,matingain,matinha,matino,matiompong,matipo,matiri,matlang,matli,matlock,matmata,matnog,matnog,mato verde,matoaca,matola,matongo,matosinhos,matoury,matozinhos,matraderecske,matranovak,matraterenye,matraverebely,matraville,matrei in osttirol,matriz de camaragibe,matsena,matsubara,matsubase,matsudo,matsue-shi,matsumoto,matsushima,matsuto,matsuyama-shi,matsuzaka,mattanur,mattapoisett,mattapoisett center,mattawa,mattawa,mattawan,matten,mattenbach (kreis 7),mattenbach (kreis 7) / deutweg,mattenbach (kreis 7) / endliker,mattenbach (kreis 7) / gutschick,mattersburg,matteson,matthews,matti,mattinata,mattishall,mattituck,mattoon,mattur,mattydale,matucana,matui,matulji,maturanoc,maturin,matveyev kurgan,matveyevka,matviyivka,matzingen,mau,mau,mau aimma,maua,maua,mauban,maubeuge,maubin,mauboh,maubourguet,mauchline,maudaha,mauer,mauern,mauerstetten,maues,mauganj,maugansville,maugat west,mauguio,mauhao,maulavi bazar,maulawin,maulbronn,maulburg,maulden,mauldin,maule,mauleon-licharre,maulevrier,maumee,maumelle,maumere,maun,maunabo,maunatlala,maunawili,maur,maura,mauraro,maurawan,maure-de-bretagne,maurecourt,maureillas-las-illas,mauren,maureni,maurepas,mauriac,mauriceville,mauron,maurs,maussane-les-alpilles,mauston,mauth,mauves-sur-loire,mauze-sur-le-mignon,mauze-thouarsais,mavelikara,mavoor,mavrodin,mawab,mawana,mawlaik,mawlamyine,mawlamyinegyunn,maxcanu,maxdorf,maxeville,maxhutte-haidhof,maxineni,maxingal,maxixe,maxton,may pen,maya,mayabon,mayachnyy,mayadin,mayaguez,mayahi,mayakonda,mayaky,mayana,mayang imphal,mayantoc,mayapusi,maybole,maybrook,maychew,maydolong,mayen,mayenne,mayet,mayfield,mayfield,mayfield,mayfield,mayfield heights,mayflower,mayflower village,maygatasan,mayiladuthurai,maykop,maykopskoye,maykor,maylands,mayma,maymana,maymyo,mayna,mayna,maynard,maynardville,mayngaran,maynooth,mayo,mayo,mayo belwa,mayodan,mayorga,mayorga,maypangdan,mayqayyng,mayrtup,mays chapel,mays landing,mayskiy,mayskiy,mayskiy,mayskiy,maysville,maythalun,maytown,mayuge,mayumba,mayville,maywood,maywood,maywood,mayya,mazabuka,mazagao,mazamari,mazamet,mazamitla,mazan,mazancowice,mazar-e sharif,mazara del vallo,mazaricos,mazarron,mazatan,mazatecochco,mazatenango,mazatepec,mazatlan,mazatlan,maze,mazeikiai,mazeres,mazeres-lezons,mazgirt,mazidagi,mazinde,mazingarbe,mazkeret batya,mazo,mazoe,mazouna,mazyr,mazzano,mazzano romano,mazzarino,mazzarrone,mazze,mbabane,mbaiki,mbake,mbala,mbale,mbalmayo,mbamba bay,mbandaka,mbandjok,mbanga,mbankomo,mbanza congo,mbanza-ngungu,mbarara,mbekenyera,mbengwi,mbeni,mbeya,mbigou,mbinga,mbini,mbocayaty,mbouda,mboursou lere,mbuguni,mbuji-mayi,mbulu,mbumi,mburucuya,mbuyapey,mcadoo,mcalester,mcallen,mccall,mcchord air force base,mccoll,mccomb,mccook,mccordsville,mccormick,mcdonald,mcdonald,mcdonough,mcfarland,mcfarland,mcgehee,mcgovern,mcgregor,mcgregor,mcguire afb,mchenry,mchinji,mckees rocks,mckeesport,mckenzie,mckinley,mckinleyville,mckinney,mclaren vale,mclean,mcleansboro,mcloud,mcmechen,mcminns lagoon,mcminnville,mcminnville,mcmurray,mcpherson,mcqueeney,mcrae,mcsherrystown,mead,mead,mead valley,meadela,meadow glade,meadow lake,meadow lake,meadow lakes,meadow vista,meadow woods,meadowbrook,meadowdale,meadowood,meadows place,meadville,mealhada,meana sardo,meano,measham,meaux,mebane,mecatlan,mecayapan,mecca,mecca,mechanic falls,mechanicsburg,mechanicstown,mechanicsville,mechanicsville,mechanicville,mechelen,mechernich,mechetinskaya,mechra belqsiri,mecitozu,meckenbeuren,meckenheim,meckenheim,meckesheim,mecklenburg,meco,meda,medak,medan,mede,medea,medebach,medeiros neto,medellin,medellin,medellin,medenychi,medesano,medfield,medford,medford,medford,medford,medford lakes,medgidia,medgyesegyhaza,media,media luna,medianeira,medias,medical lake,medicina,medicine hat,medicine lodge,mediesu aurit,mediglia,medina,medina,medina,medina,medina,medina,medina,medina,medina,medina,medina,medina,medina,medina de pomar,medina de rioseco,medina del campo,medina sidonia,medinipur,medis,medkovets,mednogorsk,mednogorskiy,medolago,medole,medolla,medowie,medulin,medulla,meduna di livenza,medvedevo,medvedok,medvedovskaya,medvezhyegorsk,medvode,medway,medyka,medyn,medzev,medzilaborce,meeder,meeker,meerane,meerbeck,meerbusch,meerhout,meerhoven,meersburg,meerssen,meerut,meftah,mega,megala kalyvia,megali panayia,megalopoli,megara,megarine,meget,megeve,meggen,meghradzor,meghraj,meghri,megion,megliadino san vitale,megyaszo,mehadia,mehar,mehdia,mehekar,mehendiganj,mehkerek,mehlingen,mehlville,mehmand chak,mehnagar,mehndawal,mehrabpur,mehran,mehrhoog,mehring,mehring,mehriz,mehtar lam,mehun-sur-yevre,meichang,meiganga,meihekou,meiktila,meilen,meina,meinedo,meiners oaks,meinersen,meinerzhagen,meiningen,meipu,meiringen,meis,meise,meisenheim,meissen,meissenheim,meisterschwanden,meitingen,meix-devant-virton,meizhou,mejicanos,mejorada del campo,mekele,mekhe,mekkaw,mekla,meknes,mel,melaka,melara,melati,melbeck,melbourn,melbourne,melbourne,melbourne,melbourne beach,melbu,melchor muzquiz,melchor ocampo,meldola,meldorf,mele,melegnano,melekeok,melekhovo,melenci,melendugno,melenki,melesse,meleuz,melfi,melfi,melgar,melgar de fernamental,melgven,melhus,meliana,melick,melicucco,melikhovo,melikhovskaya,meliki,melilla,melilli,melinesti,meliorativnoye,melioratorov,melipilla,melissa,melissa,melissano,melissia,melissochorion,melito di napoli,melito di porto salvo,melito irpino,melitopol,melk,melksham,mella,mellac,melle,melle,melle,mellerud,mellieha,mellingen,mellouleche,mellrichstadt,mellwood,melnik,melnikovo,melo,melody hill,melong,melouza,melpignano,melrose,melrose,melrose,melrose park,melrose park,melrose park,melsbach,melsungen,meltham,meltham mills,melton,melton mowbray,melton west,melukote,melun,melur,melville,melville,melville,melvindale,melykut,melzo,memaliaj,memari,membrilla,memmelsdorf,memmingen,memmingerberg,memphis,memphis,memphis,mena,mena,menaam,menaggio,menai,menai bridge,menaka,menands,menasalbas,menasha,mendarda,mendavia,mende,mende,mendefera,mendeleyevo,mendeleyevo,mendeleyevo,mendeleyevsk,mendeleyevskiy,menden,mendenhall,mendes,mendez-nunez,mendham,mendi,mendi,mendicino,mendig,mendiolaza,mendip,mendon,mendota,mendota,mendota heights,mendoza,mendrisio,menemen,menemeni,menen,menfi,mengcheng chengguanzhen,mengen,mengersgereuth-hammern,mengerskirchen,menges,mengibar,mengkofen,mengyin,menifee,menlo park,mennecy,menominee,menomonee falls,menomonie,menongue,menslage,menston,mentana,mentekab,menteroda,menton,mentone,mentor,mentor-on-the-lake,mentrida,menucourt,menuma,menzel abderhaman,menzel bourguiba,menzel heurr,menzel jemil,menzelinsk,menziken,menzingen,menznau,meolo,meopham,meppel,meppen,mequinensa / mequinenza,mequon,mer,mera,merano,merate,meraux,merbes-le-chateau,mercaderes,mercato san severino,mercato saraceno,merced,mercedes,mercedes,mercedes,mercedes,mercedes,mercedes,mercedes,mercedes,mercedes,mercer,mercer island,mercerville,merchantville,merching,merchtem,merchweiler,mercier,mercin,mercogliano,mercury,merdingen,merdinik,merdrignac,mereau,merefa,merei,merelani,merelbeke,merenberg,mereni,merenschwand,mereto di tomba,mereville,mergozzo,meri,meria,meribel,meric,mericourt,merida,merida,merida,merida,meriden,meridian,meridian,meridian,meridian,meridianville,meriel,merignac,merignies,merikarvia,merimbula,merin,merindol,mering,merisani,merk,merke,merkel,merkendorf,merksplas,merlara,merlevenez,merlimont,merlo,mermoz boabab,merone,merouana,merredin,merriam,merrick,merrifield,merrill,merrillville,merrimac,merrimac,merrimack,merritt,merritt island,merrydale,merrylands,mers el kebir,mers-les-bains,mersch,merseburg,mersing,merta,merter keresteciler,merthyr tydfil,mertingen,merton,mertoyudan,mertsavan,mertzwiller,meru,meru,merville,merville,mery-sur-oise,merzen,merzhausen,merzifon,merzig,mesa,mesagne,mesanger,meschede,meschers-sur-gironde,meseista,mesero,mesesenii de jos,mesetas,meshcherino,meshchovsk,mesia,mesilla,mesker-yurt,meskiana,meslay-du-maine,mesola,mesolongi,mesolongi,mesoraca,mespelbrunn,mesquite,mesquite,messaad,messac,messancy,messei,messel,messias,messimy,messina,messina,messingham,messini,messkirch,messstetten,mestec kralove,mestia,mesto,mesto albrechtice,mestre,mestrino,mesudiye,mesyagutovo,meta,metabetchouannlac-a-la-croix,metahara,metairie,metairie terrace,metallostroy,metamora,metapan,metelen,metepec,meteren,metes,metheringham,methuen,metkovic,metlaltoyuca,metlika,metlili chaamba,metro,metropolis,mets mantash,mets masrik,mets parni,metsamor,metsavan,metsemotlhaba,metsovo,metten,mettenheim,metter,mettet,mettingen,mettlach,mettmann,mettmenstetten,mettray,mettupalayam,mettuppalaiyam,mettur,metu,metuchen,metz,metz-tessy,metzger,metzingen,meudon,meulaboh,meulan-en-yvelines,meulebeke,meung-sur-loire,meurchin,meuselwitz,mevagissey,mevo betar,mexborough,mexia,mexicali,mexicaltzingo,mexico,mexico,mexico city,meximieux,mexticacan,mexy,meybod,meycauayan,meyenburg,meyersdale,meylan,meymac,meynes,meyrargues,meyreuil,meyrin,meythet,meyzieu,mezapa,mezcala,mezdra,meze,mezen,mezeriat,mezhdurechensk,mezhdurechensk,mezhdurechenskiy,mezhevoy,mezhova,mezibori,mezica,mezieres-sur-seine,mezimesti,mezinovskiy,mezobereny,mezocsat,mezofalva,mezohegyes,mezokeresztes,mezokovacshaza,mezokovesd,mezoszilas,mezotur,mezozombor,mezrea,mezzago,mezzocorona,mezzojuso,mezzolombardo,mga,mgandu,mgarr,mglin,mhamid,mhango,mhangura,mhasla,mhasvad,mhlambanyatsi,mhlume,miacatlan,miaga,miagao,miahuatlan de porfirio diaz,miajadas,miami,miami,miami beach,miami gardens,miami gardens,miami heights,miami lakes,miami shores,miami springs,miamisburg,mian channun,mianay,miandowab,miandrivazo,miane,miane premaor,mianwali,mianyang,miaray,miass,miasskoye,miasteczko slaskie,miastko,miatli,mibu,mica,mica,micasasa,micco,micesti,michalovce,michalowice,michalowo,michelau,michelbach an der bilz,micheldorf in oberoesterreich,michelfeld,michelstadt,michendorf,miches,micheweni,michigan center,michigan city,michurinsk,miclesti,micoud,micula,mid calder,middelbeers,middelburg,middelburg,middelburg,middelharnis,middelkerke,middle island,middle river,middle swan,middle valley,middleborough center,middleburg,middleburg heights,middlebury,middlebury,middlebury,middlebush,middlefield,middleport,middlesboro,middlesbrough,middlesex,middlestown,middleton,middleton,middleton,middleton,middletown,middletown,middletown,middletown,middletown,middletown,middletown,middletown,middletown,middletown,middleville,middlewich,midelt,midfield,midhurst,midland,midland,midland,midland,midland,midland,midland,midland,midland city,midland park,midlands,midleton,midlothian,midlothian,midlum,midoun,midrand,midsalip,midsayap,midsomer norton,midvale,midway,midway,midway,midway,midway,midway,midway city,midway north,midway south,midwest city,midyat,miechow,miechow charsznica,miedziana gora,miedzno,miedzyborz,miedzybrodzie bialskie,miedzychod,miedzylesie,miedzylesie,miedzyrzec podlaski,miedzyrzecz,miedzyzdroje,miehikkala,miehlen,miejsce piastowe,miejska gorka,miekinia,mielec,mielno,miengo,mier,miercurea nirajului,miercurea sibiului,miercurea-ciuc,mieres,mierlo,mieroszow,mierzecice,miesbach,miescisko,mieste,mieszkowice,mietingen,mietne,mieussy,mifflinburg,migdal haemeq,migennes,miggiano,miglianico,migliarino,migliaro,miglionico,mignaloux-beauvoir,mignano monte lungo,migne-auxances,migori,miguel alves,miguel auza,miguel calmon,miguel esteban,miguel hidalgo,miguel hidalgo,miguel pereira,miguel riglos,miguelopolis,miguelturra,migues,mihaesti,mihaesti,mihaesti,mihai bravu,mihai bravu,mihai viteazu,mihai viteazu,mihail eminescu,mihail kogalniceanu,mihail kogalniceanu,mihail kogalniceanu,mihaileni,mihaileni,mihailesti,mihailesti,mihalaseni,mihalgazi,mihalt,mihara,miharu,mihla,mihona,miilya,mijas,mijdrecht,mijnsheerenland,mikepercs,mikhaylov,mikhaylovka,mikhaylovka,mikhaylovka,mikhaylovsk,mikhaylovsk,mikhaylovskaya,mikhaylovskoye,mikhaylovskoye,mikhnevo,mikhnevo,miki,mikkeli,miklavz na dravskem polju,mikolajki,mikolow,mikomeseng,mikulasovice,mikulintsy,mikulov,mikulovice,mikumi,mikun,mikuni,mila,mila doce,milaca,milagres,milagro,milagros,milak,milakowo,milan,milan,milan,milan,milan,milan,milano,milanowek,milaor,milas,milazzo,milbank,milborne port,milcovul,mildenau,mildenhall,mildstedt,mildura,mileanca,mileb,milejow,milena,miles city,mileto,milevsko,milford,milford,milford,milford,milford,milford,milford,milford,milford,milford,milford haven,milford mill,milford on sea,milharado,milhaud,milheiros,milheiros de poiares,milici,milicz,mililani town,milin,miliroc,milisauti,militello in val di catania,milizac,milkowice,mill creek,mill plain,mill valley,millas,millau,millbrae,millbrook,millbury,millcreek,milledgeville,millen,miller place,millerovo,millers creek,millersburg,millersburg,millersville,millersville,millery,millesimo,millet,millicent,milliken,millington,millinocket,millis,millis-clicquot,millisle,millom,mills,mills river,millsboro,millstadt,milltown,millvale,millville,millville,milly-la-foret,milngavie,milnrow,milnthorpe,milomlyn,milosesti,miloslavskoye,miloslaw,milot,milot,milotice,milove,milovice,milowka,milpa alta,milpitas,miltach,miltenberg,milton,milton,milton,milton,milton,milton,milton,milton,milton,milton,milton,milton keynes,milton-freewater,milwaukee,milwaukie,milyutinskaya,mimarsinan,mimet,mimizan,mimon,mimongo,mimoso do sul,mims,mina,mina,mina clavero,minab,minador do negrao,minakuchi,minalabac,minalin,minallo,minamata,minami-rinkan,minan,minanga,minanga norte,minante ii,minapan,minapasoc,minas,minas,minas de barroteran,minas de corrales,minas de marcona,minas de oro,minas novas,minatitlan,minatitlan,minbu,minchinabad,minchinhampton,mincivan,mindarie,mindelheim,mindelo,minden,minden,minden,minden,mindif,mindresti,mindszent,mindupok,mindyak,minehead,mineiros,mineo,mineola,mineola,mineral de angangueo,mineral del monte,mineral point,mineral ridge,mineral springs,mineral wells,mineralnyye vody,mineralwells,minerbe,minerbio,mineros,minersville,minerva,minervino di lecce,minervino murge,mingaora,mingelchaur,minggang,mingguang,minglanilla,minglanilla,mingo junction,mingoyo,mingshui,mingshui,mingyue,miniac-morvan,minien east,minjur,minlagas,minna,minneapolis,minneapolis,minnedosa,minnehaha,minneola,minnetonka,minnetonka mills,minnetrista,mino,mino,mino,minoa,minokamo,minolos,minonk,minooka,minorca,minori,minot,minot,minot air force base,minsk,minsk mazowiecki,minster,mint hill,minta,mintiu gherlii,mintlaw,mintraching,minturno,minucciano,minuf,minuri,minusinsk,minusio,minuwangoda,minuyan,minyat an nasr,mionica,mionnay,mions,mios,mir,mir bachah kot,mira,mira,mira loma,mira monte,mirabad,mirabel,mirabela,mirabella eclano,mirabella imbaccari,mirabello,miracatu,miracema,miradolo terme,mirador,miraflores,miraflores,miraflores de la sierra,miragoane,mirai,miram shah,miramar,miramar,miramar,miramar,miramar beach,miramas,miramichi,miramont-de-guyenne,miranda,miranda,miranda,miranda,miranda,miranda de ebro,miranda do corvo,mirande,mirandela,mirandola,mirandopolis,mirano,miranpur,miranpur katra,mirante do paranapanema,miraslau,miratovac,miravci,mircea voda,mircea voda,mircesti,mirebalais,mirebeau,mirecourt,mirepoix,miresu mare,mireval,mirfield,mirganj,miri,mirialguda,miribel,mirik,miringa,mirkovci,mirnyy,mirnyy,mirnyy,mirnyy,mirnyy,mirnyy,miro khan,mironeasa,mirontsi,mirosi,miroslav,miroslava,miroslavesti,miroslawiec,mirosov,mirow,mirpur batoro,mirpur khas,mirpur mathelo,mirpur sakro,mirrormont,mirsid,mirsk,mirskoy,mirwah gorchani,mirya,miryang,mirzapur,mirzapur,mirzec,misano adriatico,misano di gera dadda,misantla,misasi,misau,misawa,miserey-salines,miserieux,mishan,mishawaka,mishelevka,misheronskiy,mishima,mishkino,mishkino,misilmeri,misinto,miskhor,miskindzha,miskolc,mislata,misleshevo,misliyah,misliyah,misratah,misrikh,missaglia,missao velha,missillac,mission,mission,mission,mission bay,mission bend,mission canyon,mission hills,mission hills,mission viejo,mississauga,missoula,missouri city,missouri valley,missungwi,mistelbach,mistelgau,misterbianco,misterton,mistrato,mistretta,mitaka-shi,mitake,mitcheldean,mitchell,mitchell,mitchellville,mitchellville,mitchelstown,mitha tiwana,mithi,mito-shi,mitoc,mitocu dragomirnei,mitreni,mitrofanovka,mitrovice,mitry-mory,mitsamiouli,mitsukaido,mitsuke,mittagong,mittegrossefehn,mittelberg,mittelbiberach,mittelherwigsdorf,mittelschontal,mittenaar,mittenwald,mittenwalde,mitterfels,mittersill,mitterskirchen,mitterteich,mittweida,mitu,mitwitz,mityana,mitzic,mitzpe ramon,miura,miusinsk,mixco,mixquiahuala,miyada,miyajima,miyako,miyakonojo,miyaly,miyang,miyazaki-shi,miyazu,miyoshi,miyoshi,mizan teferi,mizdah,mizhirah,mizil,miziya,mizoch,mizque,mizunami,mizur,mizusawa,mjimandra,mjolby,mkiriwadjumoi,mkokotoni,mkuranga,mkushi,mlada boleslav,mlada vozice,mlade buky,mlalo,mlandizi,mlangali,mlawa,mleyev,mlimba,mlonggo,mlowo,mlyniv,mmabatho,mmathubudukwane,mme-bafumen,mmopone,mnich,mnichovice,mnichovo hradiste,mnisek pod brdy,mnogovershinnyy,mo i rana,moa,moab,moacsa,moalboal,moama,moana,moana,moanda,moapa valley,moara carp,mobai,mobara,mobaye,moberly,mobile,mobo,mobridge,moca,moca,mocajuba,mocejon,mocesti,mochalishche,mochau,moche,mochicahui,mochishche,mochudi,mochumi,mocimboa,mociu,mockern,mockfjard,mockmuhl,mockrehna,mocksville,moclin,mocoa,mococa,moconesi,mocoreta,mocorito,mocsa,moctezuma,modakeke,modane,modasa,modave,modbury,modderfontein,modelu,modena,modesto,modica,modigliana,modiin,modiin ilit,modimolle,modliborzyce,modling,modra,modrany,modrice,modugno,moe,moeciu de jos,moelan-sur-mer,moelndal,moelv,moena,moengo,moensteras,moerbeke,moers,moffat,moftinu mare,moga,mogadishu,mogadore,mogadouro,mogan,mogapi,mogbwemo,mogeiro,mogelsberg,mogente,moggill,moggio udinese,mogglingen,mogi das cruzes,mogi guacu,mogi mirim,mogielnica,mogila,mogilany,mogilno,moglia,mogliano,mogliano veneto,moglingen,mogocha,mogoditshane,mogok,mogoro,mogosani,mogosesti,mogosesti-siret,mogosoaia,mogotes,mogoytuy,mogpog,moguer,mogyorod,mogzon,mohacs,mohales hoek,mohali,mohammedia,mohan,mohanpur,mohanur,mohave valley,mohawk,mohelnice,mohgaon,mohiuddinnagar,mohlau,mohlin,mohlsdorf,mohnesee,mohnton,mohoro,mohpa,mohrendorf,mohyliv-podilskyy,moia,moiano,moijabana,moinesti,moira,moirang,moirans,moirans-en-montagne,moires,moisei,moissac,moissala,moissy-cramayel,moita,moita bonita,mojacar,mojados,mojave,mojkovac,mojo,mojoagung,mojokerto,mojon grande,moju,moka,mokama,mokena,mokhotlong,mokhsogollokh,mokokchung,mokolo,mokopane,mokra hora,mokrin,mokrous,mokrousovo,mokshan,mokwa,mol,mol,mola di bari,molalla,molango,molaoi,molare,molave,molbergen,molchanovo,mold,moldava nad bodvou,molde,moldova noua,moldova sulita,moldovenesti,moldoveni,moldovita,mole saint-nicolas,molepolole,moletai,molfetta,molfsee,molina,molina de aragon,molina de segura,molinara,moline,moline acres,molinella,molins de rei,moliterno,mollavarjan,molleges,mollendo,mollenhagen,mollerussa,mollet del valles,mollina,mollis,molln,molnlycke,molo,molochio,molochnoye,molochnyy,molodiya,molodogvardeysk,molokovo,molong,molos,molteno,molteno,molugan,molvena,molvizar,mombaca,mombasa,mombercelli,mombetsu,mombris,momence,momignies,momil,momlingen,mommenheim,momo,momostenango,momoxpan,mompos,mon,mon repos,mona heights,monaca,monachil,monaco,monaghan,monahans,monamon,monaragala,monasterace,monasterevin,monastier di treviso,monastir,monastir,monastyrishche,monastyrshchina,monastyryshche,monbon,moncada,moncagua,moncalieri,moncalvo,moncao,moncao,moncarapacho,monce-en-belin,monchaltorf,monchberg,monchecourt,monchegorsk,monchengladbach,monching,monchique,monchweiler,monchy-saint-eloi,moncion,moncks corner,monclova,moncofar,moncoutant,moncton,monda,mondariz,mondavio,mondejar,mondelange,mondercange,mondeville,mondlo,mondolfo,mondonedo,mondonville,mondorf-les-bains,mondovi,mondovi,mondragon,mondragon,mondragone,mondsee,monduli,moneague,monee,moneghetti,moneglia,monein,monessen,monesterio,moneteau,monetnyy,monett,monfalcone,monfero,monflanquin,monfort heights,monforte dalba,monforte de lemos,monforte del cid,monforte san giorgio,mongagua,mongar,monghidoro,mongmong-toto-maite village,mongo,mongomo,mongonu,mongoumba,mongrando,mongu,mongua,monguelfo,mongui,monguzzo,monheim,monheim,monino,moniquira,monistrol de montserrat,monistrol-sur-loire,monitos,monjaras,monjas,monkayo,monkeberg,monkey bay,monki,monkstown,monmouth,monmouth,monmouth,monmouth,monmouth beach,monmouth junction,monnaie,monnetier-mornex,monnickendam,mono vista,monoharpur,monona,monongahela,monopoli,monor,monostorpalyi,monovar,monpon,monreal,monreal del campo,monreale,monroe,monroe,monroe,monroe,monroe,monroe,monroe,monroe,monroe,monroe city,monroeville,monroeville,monrovia,monrovia,mons,mons-en-baroeul,mons-en-pevele,monsampolo del tronto,monsano,monsanto,monschau,monsefu,monselice,monsempron-libos,monsenhor gil,monserrat,monserrate,monserrato,monsey,monsheim,monsheim,monson,monson center,monster,monsummano,monswiller,mont albert north,mont belvieu,mont organise,mont vernon,mont-de-marsan,mont-dore,mont-joli,mont-laurier,mont-pres-chambord,mont-roig del camp,mont-royal,mont-saint-aignan,mont-saint-guibert,mont-saint-hilaire,mont-saint-martin,mont-tremblant,monta,montabaur,montady,montagna in valtellina,montagnac,montagnana,montagne blanche,montagnola,montagny,montague,montague,montague,montaigu,montaione,montalban de cordoba,montalbano di elicona,montalbano ionico,montalcino,montale,montalieu-vercieu,montallegro,montalto delle marche,montalto di castro,montalto dora,montalto uffugo,montalvin,montalvo,montamise,montana,montana,montana city,montanaro,montanay,montanchez,montaneza,montanha,montanhas,montano antilia,montano lucino,montaquila,montara,montardon,montargis,montarnaud,montastruc-la-conseillere,montataire,montauban,montauban-de-bretagne,montauk,montauroux,montayral,montbard,montbazin,montbazon,montbeliard,montberon,montbert,montbeton,montblanc,montblanc,montbonnot-saint-martin,montbrison,montbron,montcada i reixac,montceau-les-mines,montcenis,montchanin,montclair,montclair,montclair,montcourt-fromonville,montdidier,monte alegre,monte alegre,monte alegre de minas,monte alegre de sergipe,monte alto,monte alto,monte aprazivel,monte argentario,monte azul,monte azul paulista,monte blanco,monte buey,monte carasso,monte carmelo,monte caseros,monte colombo,monte compatri,monte cremasco,monte cristo,monte di malo,monte di procida,monte escobedo,monte estoril,monte gordo,monte lirio,monte maiz,monte marenzo,monte mor,monte patria,monte plata,monte porzio,monte porzio catone,monte redondo,monte roberto,monte romano,monte san biagio,monte san giovanni campano,monte san giusto,monte san pietrangeli,monte san savino,monte san vito,monte santangelo,monte santo,monte santo de minas,monte sereno,monte siao,monte urano,monte vista,monte-carlo,monteagudo,montealegre del castillo,montebello,montebello,montebello,montebello ionico,montebello vicentino,montebelluna,montebourg,montecalvo in foglia,montecalvo irpino,montecanal,montecarlo,montecarlo,montecarotto,montecassiano,montecastrilli,montecatini,montecatini terme,montecchia di crosara,montecchio emilia,montecchio maggiore,montecchio precalcino,montech,montechiarugolo,montecillo,montecillo,montecito,montecorice,montecorvino pugliano,montecorvino rovella,montecosaro,montecristi,montecristo,montefalcione,montefalco,montefano,montefelcino,montefiascone,montefiore dellaso,montefiorino,monteforte dalpone,monteforte irpino,montefredane,montefrio,montegalda,montegiordano,montegiorgio,montego bay,montegranaro,montegrosso dasti,montegrotto terme,montehermoso,monteiasi,monteiro,montejicar,montelabbate,montelanico,montelepre,montelibano,montelibretti,montelier,montelimar,montella,montellano,montello,montelupo fiorentino,montelupone,montemaggiore al metauro,montemaggiore belsito,montemarano,montemarciano,montemayor,montemesola,montemiletto,montemilone,montemor-o-novo,montemorelos,montemurlo,montendre,montenegro,montenero di bisaccia,monteodorisio,montepaone,monteparano,monteprandone,montepuez,montepulciano,monterblanc,montereale,montereale valcellina,montereau-fault-yonne,monterenzio,monterey,monterey,monterey,monterey park,monteria,monteriggioni,montero,monteroduni,monteroni darbia,monteroni di lecce,monteros,monterosi,monterosso almo,monterosso calabro,monterotondo,monterrey,monterrey,monterrey,monterroso,monterrubio de la serena,monterubbiano,montes altos,montes claros,montesano,montesano salentino,montesano sulla marcellana,montesarchio,montescaglioso,montescudo,montese,montesilvano,montespertoli,montesquieu-volvestre,montesson,monteux,montevago,montevallo,montevarchi,montevecchia,monteveglio,monteviale,montevideo,montevideo,montevista,montevrain,montezuma,montfavet,montfermeil,montferrand-le-chateau,montferrat,montferrier-sur-lez,montfoort,montfort,montfort-le-gesnois,montfort-sur-meu,montfrin,montgat,montgermont,montgeron,montgiscard,montgomery,montgomery,montgomery,montgomery,montgomery,montgomery,montgomery,montgomery city,montgomery village,montgomeryville,montherme,monthey,monti,monticelli brusati,monticelli dongina,monticello,monticello,monticello,monticello,monticello,monticello,monticello,monticello,monticello,monticello,monticello,monticello,monticello,monticello brianza,monticello conte otto,monticello dalba,montichiari,montier-en-der,montignac,montignoso,montigny-en-gohelle,montigny-en-ostrevent,montigny-le-bretonneux,montigny-les-cormeilles,montigny-les-metz,montigny-sur-loing,montijo,montijo,montilla,montilla,montirone,montivilliers,montizon,montjean-sur-loire,montlhery,montlignon,montlouis-sur-loire,montlucon,montluel,montmagny,montmagny,montmedy,montmelian,montmelo,montmerle-sur-saone,montmeyran,montmirail,montmorency,montmorillon,montmorot,montodine,montoggio,montoir-de-bretagne,montoire-sur-le-loir,montois-la-montagne,montopoli in sabina,montopoli in val darno,montorfano,montorio al vomano,montornes del valles,montoro,montoro superiore,montorso vicentino,montoursville,montpelier,montpelier,montpelier,montpellier,montpon-menesterol,montrabe,montreal,montreal,montreal-est,montreal-la-cluse,montreal-ouest,montredon-labessonnie,montrejeau,montreuil,montreuil,montreuil-bellay,montreux,montrevel-en-bresse,montrichard,montrond-les-bains,montrose,montrose,montrose,montrose,montrose,montrose,montrose-ghent,montrouge,montry,monts,montsoult,montsurs,montuiri,monturque,montvale,montville center,montz,monument,monument beach,monywa,monza,monzambano,monze,monzon,monzuno,moody,moog,mooirivier,mooka,mookane,mooloolaba,moonachie,moonah,moonee beach,moore,moorefield,moorenweis,moores mill,moorestown-lenola,mooresville,mooresville,moorhead,moorhead,moorpark,moorrege,moorslede,moos,moosbach,moosburg,moosburg,moosch,moose jaw,moose lake,moosic,moosinning,moosomin,moosthenning,moosup,mopipi,moppo,mopti,moquegua,mor,mora,mora,mora,mora,morada,morada nova,moradabad,morag,moraga,morahalom,moraine,morainvilliers,moral de calatrava,moraleda de zafayona,moraleja,moraleja de enmedio,morales,morales,morales,morales,morales del vino,moralillo,moralzarzal,moram,moramanga,morana,moranbah,morangis,moranha,morano calabro,morant bay,morar,moraresti,morata de tajuna,moratalla,moratuwa,moravian falls,moravita,moravska nova ves,moravska trebova,moravske budejovice,moravsky beroun,moravsky krumlov,moravsky pisek,morayfield,morazan,morazan,morazzone,morbach,morbecque,morbegno,morbi,morbier,morbio inferiore,morcellemont saint andre,morcenx,morciano di leuca,morciano di romagna,morcone,mordano,mordelles,morden,mordialloc,mordovo,moreac,morecambe,moree,morehead,morehead,morehead,morehead city,moreira,moreira de conegos,moreira sales,moreland hills,morelia,morelia,morella,morelos,morelos canada,morena,morenci,morengo,moreni,moreno,moreno valley,mores,morestel,moret-sur-loing,moreton,moreton in marsh,moretta,moreuil,morez,morfelden-walldorf,morgan,morgan city,morgan hill,morganfield,morgano,morgans point resort,morganton,morgantown,morgantown,morganville,morgaushi,morges,morgex,morhange,mori,mori,moriago della battaglia,moriarty,moriches,moricone,morieres-les-avignon,morigny-champigny,moriguchi,moriki,morinda,moringen,morinville,morioka-shi,moriones,moritzburg,moriya,moriyama,morki,morkov,morlaas,morlaix,morlanwelz-mariemont,morlenbach,morley,morlupo,mormanno,mormant,mornac,mornago,mornant,mornas,mornico al serio,morningside,mornington,moro,morobuan,moroceli,morococha,moroeni,morogoro,morohongo,moroleon,morolo,moron,moron,moron,moron de la frontera,morondava,morong,morong,morongo valley,moroni,moroto,morovis,morozovsk,morozzo,morpeth,morphett vale,morphou,morrelgonj,morrilton,morrinhos,morris,morris,morris plains,morrison,morrison,morristown,morristown,morristown,morrisville,morrisville,morrisville,morrisville,morro agudo,morro bay,morro da cruz,morro da fumaca,morro do chapeu,morro doro,morroa,morrope,morropon,morros,morrovalle,morrow,morrum,morsang-sur-orge,morsano al tagliamento,morsbach,morsbach,morschwil,morschwiller-le-bas,morshansk,morshin,morsi,morskoye,morsum,mortagne-au-perche,mortagne-sur-sevre,mortain,mortara,mortdale,morteau,mortegliano,morteni,morteros,mortka,morton,morton,morton,morton,morton grove,mortsel,morunglav,moruzzo,morwa,morwell,moryakovskiy zaton,morzine,mos,mosalsk,mosbach,moscavide,mosciano santangelo,moscow,moscow,moscow,moscow mills,moscufo,moser,moses lake,moses lake north,mosesgegh,mosfellsbaer,mosheim,moshenskoye,moshi,moshkovo,moshny,mosina,mosinee,mosjoen,moskhaton,moskovskiy,moskovskiy,moskovskoye,mosman,mosman park,mosna,mosna,mosnang,mosnita noua,moso in passiria - moos in passeier,mosoaia,mosoc cancha,mosoc llacta,mosonmagyarovar,mosonszentmiklos,mosopa,mosorin,mospyne,mosquera,mosquera,mosrentgen,moss,moss beach,moss bluff,moss point,moss vale,mossendjo,mossingen,mossley,mossoro,most,mosta,mostaganem,mostar,mostoles,mostovskoy,mosty u jablunkova,mosul,moszczenica,moszczenica,mota del cuervo,motaeni,motala,motatei,motca,motegi,motema,moth,motherwell,motihari,motilla del palancar,motiong,motomiya,motoseni,motozintla de mendoza,motrico,motril,motru,motta di livenza,motta san giovanni,motta santanastasia,motta visconti,motteggiana,motten,mottingen,mottola,motueka,motul de felipe carrillo puerto,motupe,motygino,motzingen,motzorongo,mouans-sartoux,mouchamps,moudon,mougins,mouguerre,mouhijarvi,mouila,mouilleron-le-captif,moulins,moulins-les-metz,moulton,moultonborough,moultrie,mounana,mound,moundou,mounds view,moundsville,moundville,mount airy,mount airy,mount angel,mount arlington,mount barker,mount carmel,mount carmel,mount carmel,mount carmel,mount carmel,mount carmel,mount clemens,mount colah,mount darwin,mount dora,mount druitt,mount ephraim,mount gambier,mount gilead,mount hagen,mount healthy,mount healthy heights,mount helena,mount hermon,mount holly,mount holly,mount holly springs,mount hood village,mount horeb,mount isa,mount ivy,mount jackson,mount joy,mount juliet,mount kisco,mount laurel,mount lebanon,mount morris,mount morris,mount morris,mount olive,mount olive,mount olive,mount oliver,mount olympus,mount orab,mount pearl,mount penn,mount pleasant,mount pleasant,mount pleasant,mount pleasant,mount pleasant,mount pleasant,mount pleasant,mount pleasant,mount plymouth,mount pocono,mount prospect,mount rainier,mount repose,mount shasta,mount sinai,mount sterling,mount sterling,mount union,mount vernon,mount vernon,mount vernon,mount vernon,mount vernon,mount vernon,mount vernon,mount vernon,mount vernon,mount vernon,mount vernon,mount vernon,mount vernon,mount vista,mount washington,mount zion,mountain,mountain ash,mountain brook,mountain city,mountain green,mountain grove,mountain home,mountain home,mountain home,mountain home air force base,mountain house,mountain iron,mountain lake,mountain lake park,mountain lakes,mountain park,mountain top,mountain top,mountain view,mountain view,mountain view,mountain view,mountain view,mountain view,mountain view acres,mountainside,mountlake terrace,mountmellick,mountsorrel,mountville,moura,mourenx,mouries,mourmelon-le-grand,mourniai,mouroux,mours-saint-eusebe,mouscron,moussoro,moussy-le-neuf,moutayiaka,mouthiers-sur-boeme,moutier,moutiers,moutiers,moutsamoudou,mouvaux,mouy,mouzaia,mouzaki,mouzillon,mouzon,movila,movila banului,movila miresei,movileni,movileni,movileni,movilita,movilita,mowar,moya,moya,moyale,moyamba,moyenmoutier,moyeuvre-grande,moyo,moyobamba,moyock,moyogalpa,moyross,moyuta,moyynkum,moyynty,mozac,mozaceni,mozarlandia,mozdok,moze-sur-louet,mozelos,mozhaysk,mozhga,mozirje,mozon,mozonte,mozzagrogna,mozzanica,mozzate,mozzecane,mozzo,mozzozzin,mpanda,mpigi,mpika,mponela,mpongwe,mpophomeni,mporokoso,mpraeso,mpulungu,mpumalanga,mpwapwa,mqabba,mragowo,mrakovo,mramani,mramor,mranggen,mremani,mrgashat,mrgavet,mrkonjic grad,mrocza,mrozy,mrzezino,msanga,mshinskaya,msowero,mstera,mstikhino,mstsislaw,mszana,mszana dolna,mszana gorna,mszczonow,mtama,mtambile,mtimbira,mtinko,mtito andei,mto wa mbu,mtsamboro,mtsensk,mtskheta,mtwango,mtwara,muana,muang pakxan,muang phon-hong,muang vangviang,muang xai,muar,mubarakpur,mubende,mubi,muborak,much,much hadham,much wenlock,muchamiel,mucheln,muchkapskiy,mucsony,mucumpiz,mucur,mucurapo,mucuri,mucurici,mudanjiang,mudanya,mudau,mudbidri,muddebihal,muden,mudersbach,mudgal,mudgee,mudhol,mudigere,mudkhed,mudon,mudu,mudukulattur,mudurnu,mueang nonthaburi,muehlheim am main,muelheim (ruhr),muelle de los bueyes,muenchen,muenster,muenstertal/schwarzwald,muereasca,mufulira,mufumbwe,mugango,mugardos,mugeln,mugeni,muggensturm,muggia,muggio,mughal sarai,mughan,mugi,mugia,mugla,muglizh,mugma,mugnano del cardinale,mugnano di napoli,mugumu,mugur-aksy,muhammadabad,muhammadabad,muhammadabad,muhen,muheza,muhlacker,muhlau,muhlberg,muhldorf,muhleberg,muhlhausen,muhlhausen,muhlhausen-ehingen,muhlheim am bach,muhlingen,muhltroff,muhoroni,muhos,muhr am see,muikamachi,muinos,muisne,muizon,mujiayingzi,mukacheve,mukdahan,mukerian,mukharram al fawqani,mukhen,mukher,mukhorshibir,mukhtolovo,mukilteo,muko,mukono,muktagacha,muktsar,mukwonago,mul,mula,muladbucad,mulanay,mulanje,mulanur,mulappilangad,mulauin,mulayjah,mulazzano,mulazzo,mulbagal,mulbarton,mulberry,mulberry,mulberry,mulchen,mulda,muldenstein,muldrow,muleba,mulege,muleshoe,mulfingen,mulgoa,mulgrave,mulgund,mulheim-karlich,mulhouse,mulino,mulino,mulki,mullaloo,mulleriyawa,mullheim,mullheim,mullica hill,mullins,mullovka,mullrose,mullsjo,mullsjoe,mulsanne,mulsen,multai,multan,multia,mulungu,mulvane,mulwala,mumbai,mumbwa,mumford,mumias,muminobod,muna,munai,munayshy,muncar,munchberg,muncheberg,munchenbernsdorf,munchenbuchsee,munchenstein,munchhausen,munchsmunster,munchweiler an der rodalbe,munchwilen,muncie,muncy,mundargi,mundelein,mundelsheim,mundemba,munderkingen,mundesley,mundgod,mundi,mundo novo,mundo nuevo,mundolsheim,mundra,munduk,mundwa,mundybash,munera,munford,mungaa,mungaoli,mungeli,munger,mungia,mungo,mungwi,mungyeong,munhall,municipio de copacabana,municipio de fortul,municipio hato corozal,munirabad,munising,muniz freire,munka-ljungby,munkebo,munkedal,munkfors,munnar,munnerstadt,munoz,munoz,munroe falls,munsan,munsey park,munsing,munsingen,munsingen,munsons corners,munster,munster,munster,munster,munster-sarmsheim,munsterdorf,munsterhausen,munsterlingen,munstermaifeld,muntele mic,munteni,munteni buzau,muntenii de jos,muntilan,muntok,munzenberg,muonio,muotathal,mur-de-bretagne,muradnagar,muragacha,murakami,murakeresztur,muramatsu,muramvya,muranga,murano,muranovo,murashi,murat,muratbey,muratli,muravera,muravlenko,murbad,murchante,murcia,murcia,murcia,murcki,murehwa,muret,murfatlar,murfreesboro,murfreesboro,murg,murgab,murgeni,murgenthal,murghob,murgud,murguia,murgul,muri,muri,muri,muriae,muricay,murici,muridke,murighiol,murillo colonia,murindo,murino,muriti,muritiba,muriwai beach,murliganj,murlo,murmansk,murmino,murnau am staffelsee,muro,muro del alcoy,muro leccese,muro lucano,murom,muromtsevo,muromtsevo,muroran,muros,muros de nalon,muroto,murovani kurylivtsi,murovanoye,murowana goslina,murphy,murphy,murphys,murphysboro,murr,murray,murray,murray bridge,murraysville,murree,murrells inlet,murrhardt,murrieta,murrieta hot springs,murrumbateman,murrumbeena,murrysville,murs-erigne,mursalimkino,mursan,murshidabad,murska sobota,murtajapur,murten,murter,murtino,murud,murudeshwara,murun-kuren,murwara,murwillumbah,murygino,murzuq,murzzuschlag,mus,musabeyli,musafirkhana,musalerr,musan-up,musanze,musashino,musatesti,musawa,muscat,muscatine,muschberg en geestenberg,muscle shoals,muscoline,muscoy,muse,musenita,museros,musetesti,mushabani,mushie,musile di piave,musiri,muskego,muskegon,muskegon heights,muskogee,muslyumovo,muslyumovo,musoma,musselburgh,mussidan,mussolente,mussomeli,musson,mussoorie,mustafabad,mustafabad,mustang,muswellbrook,muszyna,mut,muta,mutare,mutata,mutengene,mutenice,muti,mutis,mutki,mutlangen,mutoko,mutriku,mutsalaul,mutsu,muttenz,mutterstadt,muttontown,muttupet,mutuali,mutuipe,mutum,mutum biyu,mutzig,mutzschen,muurame,muvattupula,muvattupuzha,muy muy,muyezerskiy,muyinga,muynoq,muyuka,muzaffarabad,muzaffargarh,muzaffarnagar,muzaffarpur,muzambinho,muzayri,muzhi,muzillac,muzo,muzzana del turgnano,mvangue,mvomero,mvouni,mvuma,mvurwi,mwadui,mwandiga,mwanga,mwanza,mwanza,mwaro,mwaya,mweka,mwembe,mwene-ditu,mwense,mwingi,mwinilunga,my tho,myadzyel,myanaung,myasnikyan,myatlevo,myaundzha,myaydo,myeik,myers corner,myerstown,myhove,myingyan,myitkyina,myjava,mykhaylivka,mykhaylivka,mykolayiv,mykolayiv,mykolayivka,mykolayivka,mykonos,mylau,mymensingh,mynamaki,mynay,myory,myre,myrhorod,myrina,myrnyy,myronivka,myrskylae,myrtle beach,myrtle creek,myrtle grove,myrtle grove,myrtle point,myrtletown,myrzakent,mysen,myshkavichy,myshkin,mysiadlo,myskhako,myski,myslachowice,myslakowice,myslenice,mysliborz,myslowice,mysore,mysove,mystic,mystic island,myszkow,myszyniec,mytholmroyd,mytilini,mytilinioi,mytishchi,myurego,mzimba