wa,waajid,waakirchen,waal,waalre,waalwijk,waarschoot,waasmunster,wabag,wabana,wabash,wabasha,wabern,wabrzezno,wabu,wachau,wachenheim an der weinstrasse,wachenroth,wachock,wachtberg,wachtebeke,wachtendonk,wachtersbach,wackernheim,wackersberg,wackersdorf,waco,wacol,waconia,wad az zaki,wad medani,wad rawah,waddan,waddesdon,waddington,waddinxveen,wade hampton,wadebridge,wadena,wadenswil,wadern,wadersloh,wadesboro,wadgaon,wadgassen,wadhurst,wadi,wadi as salqa,wadi as sir,wadi maliz,wading river,wadley,wadowice,wadsworth,wadsworth,waedenswil / bueelen,waedenswil / dorf (waedenswil),waedenswil / untermosen-fuhr,waegwan,waeng,wafangdian,waffenbrunn,wagar,wagenfeld,wageningen,wageningen,wagga wagga,waggaman,waggrakine,waghai,waghausel,waging am see,wagini,wagoner,wagrowiec,wahagnies,wahiawa,wahlern,wahlstedt,wahneta,wahoo,wahpeton,wahrenholz,wai,waialua,waialua,waianae,waiblingen,waibstadt,waidhaus,waidhofen,waidhofen an der thaya,waigolshausen,waihee-waiehu,waihi,waihi beach,waikapu,waikerie,waikoloa,waikoloa village,wailua,wailua,wailua homesteads,wailuku,waimalu,waimanalo,waimanalo beach,waimate north,waimea,waimes,wainfleet all saints,waingapu,waipahu,waipio,waipio acres,wairoa,waischenfeld,waitakere,waitara,waite park,waiuku,wajir,wakayama-shi,wake forest,wake village,wakefield,wakefield,wakefield,wakefield,wakefield,wakefield-peacedale,wakema,waki,wakiso,wakkanai,wako,waksmund,wakuya,walajapet,walbridge,walbrzych,walce,walchwil,walcourt,walcz,wald,wald,wald,wald-michelbach,waldalgesheim,waldaschaff,waldbockelheim,waldbreitbach,waldbrol,waldbrunn,waldbrunn,waldburg,waldbuttelbrunn,waldeck,waldems,walden,waldenbuch,waldenburg,waldenburg,walderbach,waldershof,waldfeucht,waldfischbach-burgalben,waldheim,waldkappel,waldkirch,waldkirch,waldkirchen,waldkraiburg,waldmohr,waldmunchen,waldon,waldorf,waldport,waldrach,waldron,waldsassen,waldsee,waldshut-tiengen,waldstetten,waldthurn,waldwick,waldzell,walenstadt,wales,wales,walhain-saint-paul,walhalla,walheim,walim,waling,walkden,walkenried,walker,walker,walker mill,walkerston,walkersville,walkerton,walkertown,walkertown,walla walla,wallace,wallajahbad,wallaroo,wallasey,wallburg,walldorf,walldorf,walldurn,walled lake,wallenfels,wallenhorst,waller,waller,wallerfangen,wallers,wallersdorf,wallerstein,wallhausen,wallhausen,wallingford,wallingford,wallingford center,wallington,wallisellen,wallisellen / rieden,wallisellen / wallisellen-ost,wallisellen / wallisellen-west,wallkill,wallsend,walluf,walnut,walnut creek,walnut grove,walnut grove,walnut grove,walnut hill,walnut park,walnut ridge,walnutport,walpertskirchen,walpole,walsall,walschleben,walsdorf,walsenburg,walsrode,waltenhofen,waltenschwil,walterboro,walters,waltershausen,waltham,waltham,waltham abbey,waltham cross,walthourville,walton,walton,walton hills,walton park,walton-on-thames,waltrop,walvis bay,walworth,walzenhausen,wamba,wamba,wambrechies,wamego,wana,wanaka,wanakah,wanamassa,wanaque,wanaraja,wanderup,wandlitz,wandsbek,wanfried,wang,wang nam yen,wang noi,wang saphung,wangan,wanganui,wangaratta,wangbuzhuang,wangels,wangen,wangen,wangen,wangen an der aare,wangen im allgau,wangi,wangjing,wangkui,wangon,wangqing,wangqinzhuang,wani,wanju,wankaner,wankendorf,wanlaweyn,wanna,wanneroo,wanning,wannweil,wanparti,wantage,wantagh,wanxian,wanze,wanzleben,wao,waounde,wapakoneta,wapato,wapello,wapi pathum,wappingers falls,waqqas,warabi,warah,warang,warangal,waraseoni,warboys,warburg,warburton,ward,warden,wardenburg,wardha,wardle,ware,ware,ware shoals,waregem,wareham,wareham center,waremme,waren,warendorf,wargrave,warhem,warin,warin chamrap,waringstown,waris aliganj,warka,warkworth,warlingham,warlubie,warm beach,warm mineral springs,warm springs,warman,warmbad,warmbaths,warmensteinach,warmeriville,warminster,warminster heights,warmsen,warnbro,warnemuende,warner robins,warnes,warngau,warnsveld,waroona,warora,warr acres,warragul,warrane,warren,warren,warren,warren,warren,warren,warren air force base,warrenpoint,warrensburg,warrensburg,warrensville heights,warrenton,warrenton,warrenton,warrenton,warrenton,warrenville,warri,warrington,warrington,warrior,warrnambool,warsaw,warsaw,warsaw,warsaw,warsaw,warson woods,warsop,warstein,warta,wartenberg,warthausen,wartmannsroth,warud,warwick,warwick,warwick,warwick,warwick,wasagu,wasbek,wasbuttel,waschenbeuren,wasco,waseca,washburn,washim,washington,washington,washington,washington,washington,washington,washington,washington,washington,washington,washington,washington court house,washington park,washington terrace,washington, d. c.,washingtonville,washougal,wasilkow,wasilla,waskom,waslala,wasosz,waspam,waspik,wasquehal,wasseiges,wasselonne,wassenaar,wassenberg,wasserbillig,wasserburg,wasserburg am inn,wasserliesch,wasserlosen,wassertrudingen,wassy,wasungen,watampone,watari,watauga,watchet,watchung,water orton,water valley,waterbeach,waterboro,waterbury,waterford,waterford,waterford,waterford,waterford,wateringbury,waterloo,waterloo,waterloo,waterloo,waterloo,waterloo,waterloo,waterloo,waterloo,waterloo,waterlooville,watertown,watertown,watertown,watertown,watertown,watertown,watertown,waterville,waterville,watervliet,watford,wath upon dearne,wathlingen,watkinsville,watlington,watonga,watsa,watseka,watsontown,watsonville,wattala,wattegama,watten,wattenbek,wattens,wattenwil,wattignies,watton,watton at stone,wattrelos,wattwil,wau,wau,wauchula,wauconda,waukee,waukegan,waukesha,waukon,wauna,waunakee,waupaca,waupun,waurika,wausau,wauseon,wautoma,wauwatosa,waveland,waverly,waverly,waverly,waverly,waverly,waverly,waverly,wavre,wavrin,wawa,wawa,wawa,wawa,wawrzenczyce,waxahachie,waxhaw,waycross,wayland,wayland,wayne,wayne,wayne,wayne,wayne heights,waynesboro,waynesboro,waynesboro,waynesboro,waynesboro,waynesburg,waynesville,waynesville,waynesville,wayzata,waziers,wazirabad,wazirganj,we,weare,weatherford,weatherford,weatherly,weatogue,weaver,weaverham,weaverville,weaverville,webb city,webster,webster,webster,webster city,webster groves,webuye,wechselburg,weddingstedt,weddington,wedel,wedgefield,wedi,wedmore,wednesbury,wednesfield,weed,weedpatch,weehawken,weener,weert,wees,weesp,weeze,wefensleben,weferlingen,wegberg,wegeleben,weggis,wegierska gorka,wegliniec,wegorzewo,wegorzyno,wegrow,wegscheid,wehingen,wehr,wehrheim,wehringen,weibersbrunn,weichanglu,weichering,weichs,weida,weiden,weidenbach,weidenthal,weidhausen bei coburg,weiding,weifang,weigelstown,weihai,weihenzell,weiherhammer,weihmichl,weikersheim,weil,weil am rhein,weil der stadt,weil im schonbuch,weilbach,weilburg,weiler,weiler-simmerberg,weilerbach,weilersbach,weilerswist,weilheim,weilheim an der teck,weilheim in oberbayern,weilmunster,weimar,weimar,weinan,weinbach,weinbohla,weinfelden,weingarten,weingarten,weinheim,weining,weinsberg,weinstadt-endersbach,weinzierl bei krems,weipa,weirton,weirton heights,weischlitz,weisenbach,weisendorf,weiser,weiskirchen,weismain,weissach,weissbach,weissenberg,weissenborn,weissenbrunn,weissenburg in bayern,weissenfels,weissenhorn,weissensberg,weissensee,weissenstadt,weissenthurm,weisslingen,weisswasser,weisweil,weitbruch,weitefeld,weitersburg,weiterstadt,weitnau,weitramsdorf,weiwangzhuang,weiz,wejherowo,wekerom,wekiva springs,wekiwa springs,welahan,welby,welch,welcome,welcome,welden,weldon,weldon spring,weleri,weligama,welisara,welkenraedt,welkom,welland,wellen,wellendingen,wellesbourne mountford,wellesley,wellfleet,wellford,wellin,wellingborough,wellingsbuettel,wellington,wellington,wellington,wellington,wellington,wellington,wellington,wellington,wellington,wellington point,wells,wells,wells beach station,wells branch,wells-next-the-sea,wellsboro,wellsburg,wellsford,wellston,wellston,wellsville,wellsville,wellsville,wellsville,wellton,wels,welschbillig,welsh,welshpool,welsleben,welver,welwyn,welwyn garden city,welzheim,welzow,wem,wembley,wemding,wemmel,wemyss bay,wenatchee,wenceslau braz,wenchi,wendeburg,wendell,wendell,wendelstein,wenden,wendeng,wendlingen am neckar,wendo,wendover,wenduine,wenham,wenji,wenling,wennigsen,weno town,wenonah,wenshang,wenshui,wentorf,wentworth,wentzville,wenxing,wenzenbach,wenzhou,wer,werbach,werbkowice,werda,werdau,werder,werdervorstadt,werdohl,were ilu,werfen,werkendam,werl,werlte,wermelskirchen,wermsdorf,wernau,wernberg,wernberg-koblitz,werne,werneck,wernersville,werneuchen,wernigerode,wernshausen,werota,wertach,wertheim,werthenstein,werther,wertingen,weru,wervicq-sud,wervik,wescosville,wesel,wesenberg,wesendorf,weslaco,wesley,wesley chapel,wesley chapel,wesley hills,wesleyville,wesola,wesselburen,wesseling,wesselsbron,wessling,wessobrunn,wesson,west,west albany,west allis,west and east lealman,west athens,west babylon,west bay,west bay shore,west belmar,west bend,west bergholt,west bishop,west bountiful,west boylston,west bradenton,west branch,west branch,west brattleboro,west bridgewater,west bridgford,west bromwich,west burlington,west byfleet,west calder,west caldwell,west carrollton city,west carson,west carthage,west chester,west chicago,west clarkston-highland,west columbia,west columbia,west concord,west coon rapids,west cornforth,west covina,west deland,west dennis,west des moines,west drayton,west dundee,west elkridge,west elmira,west end,west end,west end,west end-cobb town,west fargo,west fork,west frankfort,west freehold,west gate,west glendive,west glens falls,west goshen,west greenwich,west grove,west gulfport,west hallam,west hamburg,west hartford,west hattiesburg,west haven,west haven,west haven,west haven-sylvan,west haverstraw,west hazleton,west helena,west hempstead,west hill,west hills,west hills,west hollywood,west homestead,west hurley,west ishpeming,west island,west islip,west jefferson,west jerusalem,west jordan,west kelowna,west kilbride,west kirby,west lafayette,west lafayette,west lake hills,west lake sammamish,west lake stevens,west laurel,west liberty,west liberty,west linn,west little river,west livingston,west long branch,west longview,west lynchburg,west malling,west melbourne,west melbourne,west memphis,west menlo park,west mersea,west miami,west mifflin,west milford,west milton,west milwaukee,west modesto,west molesey,west monroe,west monroe,west new york,west newbury,west newton,west norriton,west nyack,west ocean city,west odessa,west orange,west orange,west palm beach,west park,west pasco,west pensacola,west peoria,west perrine,west pittston,west plains,west pleasant view,west point,west point,west point,west point,west point,west point,west point,west portsmouth,west puente valley,west rainton,west raleigh,west rancho dominguez,west reading,west richland,west rutland,west sacramento,west saint paul,west salem,west samoset,west sand lake,west sayville,west scarborough,west sedona,west seneca,west sharyland,west side highway,west simsbury,west slope,west springfield,west springfield,west terre haute,west thurrock,west tisbury,west torrington,west union,west union,west university place,west valley,west valley city,west vero corridor,west view,west wareham,west warwick,west wellow,west wendover,west whittier-los nietos,west wickham,west wyoming,west wyomissing,west yarmouth,west york,west-terschelling,westborough,westbrook,westbrook,westbrook center,westbury,westbury,westby,westchase,westchester,westchester,westcourt,westdorpe,westerburg,westeregeln,westerhaar-vriezenveensewijk,westerham,westerhausen,westerheim,westerheim,westerholt,westerkappeln,westerland,westerlo,westerly,western springs,westerronfeld,westerstede,westerstetten,westerville,westervoort,westfield,westfield,westfield,westfield,westford,westgate on sea,westhampton,westhausen,westhill,westhofen,westhoughton,westlake,westlake,westlake village,westland,westlock,westmere,westminster,westminster,westminster,westminster,westminster,westminster,westmont,westmont,westmont,westmoreland,westmorland,westmount,weston,weston,weston,weston,weston lakes,weston turville,weston-super-mare,westonaria,westoning,westover,westphalia,westport,westport,westport,westport,westport,weststadt,westvale,westview,westville,westville,westville,westville,westway,westwego,westwood,westwood,westwood,westwood,westwood,westwood lake,westworth,wetaskiwin,wete,wetherby,wethersfield,wetter,wetter (ruhr),wetteren,wettin,wettingen,wettringen,wettswil / wettswil (dorf),wetumpka,wetzikon,wetzikon / kempten,wetzikon / ober-wetzikon,wetzikon / robenhausen,wetzikon / unter-wetzikon,wetzlar,wevelgem,wewahitchka,wewak,weweantic,wewoka,weyarn,weybridge,weyburn,weyers cave,weyersheim,weyhausen,weymouth,weymouth,wezembeek-oppem,whakatane,whaley bridge,whalley,whangamata,whangarei,wharton,wharton,wheat ridge,wheathampstead,wheatland,wheatland,wheatley,wheatley heights,wheaton,wheaton,wheaton aston,wheelersburg,wheeling,wheeling,whetstone,whickham,whiskey creek,whisper walk,whispering pines,whistler,whitburn,whitby,whitchurch,white bear lake,white bluff,white center,white city,white city,white city,white hall,white hall,white horse,white house,white island shores,white marsh,white meadow lake,white mountain lake,white oak,white oak,white oak,white oak,white pine,white plains,white river,white river junction,white rock,white rock,white salmon,white settlement,white sulphur springs,whitecourt,whitefield,whitefield,whitefish,whitefish bay,whitehall,whitehall,whitehall,whitehall,whitehall township,whitehaven,whitehead,whitehorse,whitehouse,whitehouse,whitehouse station,whiteland,whiteman air force base,whitemarsh island,whiteriver,whitesboro,whitesboro,whitesboro,whitesboro-burleigh,whitesburg,whitestown,whiteville,whiteville,whitewater,whitfield,whitfield,whitianga,whiting,whitinsville,whitley bay,whitman,whitmore lake,whitmore village,whitney,whitney,whitstable,whittier,whittingham,whittington,whittlesea,whittlesey,whitwell,whitworth,whyalla,whyteleafe,wiang sa,wiazow,wichelen,wichian buri,wichit,wichita,wichita falls,wick,wickede,wickenburg,wickford,wickham,wickham market,wickliffe,wicklow,widdern,widnes,wiecbork,wiedemar,wiedlisbach,wiefelstede,wiehe,wiehl,wielbark,wielen,wieliczka,wieliszew,wielki kack,wielopole skrzynskie,wielsbeke,wielun,wiener neudorf,wiener neustadt,wienhausen,wieprz,wieprz,wierden,wieren,wiernsheim,wieruszow,wierzawice,wierzbica,wierzchlas,wierzchoslawice,wiesa,wiesau,wiesbaden,wiesenbach,wiesenburg,wiesenfelden,wiesensteig,wiesent,wiesentheid,wiesloch,wiesmoor,wietmarschen,wietze,wietzen,wietzendorf,wigan,wiggensbach,wiggins,wignehies,wigoltingen,wigston magna,wigton,wijchen,wijhe,wijk bij duurstede,wijnegem,wil,wilamowice,wilberforce,wilbraham,wilburgstetten,wilburton,wilchingen,wilcza,wilczyce,wild peach village,wildberg,wildenfels,wilder,wilderswil,wildeshausen,wildflecken,wildomar,wildpoldsried,wildwood,wildwood,wildwood,wildwood crest,wildwood lake,wilhelmsburg,wilhelmsdorf,wilhelmsfeld,wilhelmshaven,wilhelmsthal,wilhermsdorf,wilkau-hasslau,wilkes-barre,wilkesboro,wilkinsburg,wilkinson heights,wilkolaz,wilkow,wilkowice,willamina,willard,willard,willaston,willaston,willcox,willebadessen,willebroek,willems,willemstad,willemstad,willenhall,williams,williams,williams bay,williams lake,williamsburg,williamsburg,williamsburg,williamsburg,williamsburg,williamsburg,williamsfield,williamson,williamson,williamson,williamsport,williamsport,williamston,williamston,williamston,williamstown,williamstown,williamstown,williamstown,williamstown,williamsville,willich,willimantic,willingboro,willingen,willingham,willingshausen,willis,willisau,williston,williston,williston,williston,williston highlands,williston park,williton,willits,willmar,willmering,willoughby,willoughby hills,willow,willow grove,willow oak,willow park,willow springs,willow springs,willow street,willowbrook,willowbrook,willowbrook,willowick,willowmore,willows,wills point,willstatt,wilmer,wilmerding,wilmette,wilmington,wilmington,wilmington,wilmington,wilmington,wilmington island,wilmington manor,wilmore,wilmslow,wilnsdorf,wilsden,wilsdruff,wilshamstead,wilson,wilson,wilson,wilson-conococheague,wilsons mills,wilsonville,wilster,wilthen,wilton,wilton,wilton,wilton manors,wiltz,wima,wimauma,wimberley,wimborne minster,wimereux,wimille,wimmis,wimsheim,winamac,winburg,wincanton,winchcombe,winchendon,winchester,winchester,winchester,winchester,winchester,winchester,winchester,winchester,winchester center,wind gap,wind lake,windach,windaroo,windber,windcrest,winder,windermere,windermere,windesheim,windhagen,windham,windham,windham,windhoek,windisch,windischeschenbach,windischleuba,windlesham,windom,window rock,windsbach,windsor,windsor,windsor,windsor,windsor,windsor,windsor,windsor,windsor,windsor,windsor,windsor,windsor,windsor,windsor,windsor heights,windsor locks,windy hills,wines,winfield,winfield,winfield,winfield,winfield,wingate,wingate,wingene,wingerworth,wingham,wingles,wingst,winhoring,winifreda,winkelhaid,winkler,winneba,winnebago,winneconne,winnemucca,winnenden,winner,winnetka,winnfield,winnie,winningen,winnipeg,winnsboro,winnsboro,winnsboro,winnweiler,winona,winona,winona lake,winooski,winschoten,winscombe,winsen,winsen,winsford,winslow,winslow,winslow,winsted,winsted,winston,winston,winston-salem,winsum,winter beach,winter garden,winter gardens,winter haven,winter park,winter springs,winterbach,winterberg,winterbourne,winterhude,winterlingen,winters,winters,wintersdorf,winterset,wintersville,winterswijk,winterthur,winterton,winterville,winthrop,winthrop,winthrop harbor,winton,winton,wintzenheim,winzer,wipperfurth,wiradesa,wirges,wiri,wirksworth,wirsberg,wisbech,wisch,wisches,wischhafen,wisconsin dells,wisconsin rapids,wise,wiset chaichan,wishaw,wisla,wismar,wissembourg,wissen,wissous,witaszyce,witbank,witchford,witham,withamsville,withernsea,witkowice,witkowo,witney,witnica,witry-les-reims,wittelsheim,witten,wittenbach,wittenberge,wittenburg,wittenforden,wittenheim,wittering,wittgensdorf,wittichenau,wittingen,wittisheim,wittislingen,wittlich,wittmund,witton gilbert,wittstock,witu,witzenhausen,wiveliscombe,wivenhoe,wiwili,wixom,wizernes,wladyslawowo,wloclawek,wlodawa,wloszakowice,wloszczowa,wobkent,wobulenzi,woburn,woburn sands,wodonga,wodzislaw slaski,woensdrecht,woerden,wofford heights,wohldorf-ohlstedt,wohlen,wohlen,wohltorf,wohyn,woippy,wojcieszow,wojkowice,wojnicz,wokha,woking,wokingham,wola,wola batorska,wola filipowska,wola krzysztoporska,wola radziszowska,wola zarczycka,wolborz,wolbrom,wolcott,wolczyn,woldegk,wolf lake,wolf point,wolf trap,wolfach,wolfdale,wolfeboro,wolfegg,wolfen,wolfenbuttel,wolfenschiessen,wolfersdorf,wolfersheim,wolfforth,wolfhagen,wolfhausen,wolfisheim,wolframs-eschenbach,wolfratshausen,wolfsberg,wolfsburg,wolfschlugen,wolfstein,wolfurt,wolfville,wolfwil,wolgast,wolhusen,wolin,wolkenstein,wolkersdorf,wollerau,wollochet,wollongong,wollstein,wolmaransstad,wolmirstedt,wolnzach,wolomin,wolow,wolpertshausen,wolpertswende,wolsingham,wolston,wolsztyn,woltersdorf,wolvega,wolverhampton,wolverine lake,wombwell,womelsdorf,wommelgem,wommels,wondai,wonder lake,wonfurt,wongsorejo,wonju,wonopringgo,wonosari,wonosobo,wonsan,wood dale,wood river,wood village,wood-lynne,wood-ridge,woodbine,woodbourne,woodbridge,woodbridge,woodbridge,woodbridge,woodbridge,woodburn,woodbury,woodbury,woodbury,woodbury,woodbury,woodbury,woodbury heights,woodcliff lake,woodcote,woodcrest,woodend,woodfield,woodfin,woodford,woodhall spa,woodhaven,woodinville,woodlake,woodlake,woodland,woodland,woodland beach,woodland park,woodland park,woodlawn,woodlawn,woodlawn,woodlawn,woodlawn,woodlyn,woodmere,woodmere,woodmoor,woodmore,woodridge,woodridge,woodruff,woods creek,woods cross,woodsfield,woodside,woodside,woodside,woodside east,woodson terrace,woodstock,woodstock,woodstock,woodstock,woodstock,woodstock,woodstown,woodville,woodville,woodville,woodville,woodward,woodway,woody point,wool,woolavington,woolgoolga,woolloongabba,wooloowin,woolwich,woombye,woonsocket,wooster,wootton,wootton,worb,worben,worbis,worcester,worcester,worcester,wordern,woree,worgl,workington,worksop,workum,worland,wormhout,wormleysburg,worms,worpswede,worrstadt,worth,worth,worth am main,worth am rhein,worth an der donau,worth an der isar,worthing,worthington,worthington,worthsee,wote,wotton-under-edge,woudenberg,woudrichem,woustviller,wozniki,wrangell,wray,wreczyca wielka,wremen,wrens,wrentham,wrestedt,wrexham,wriedel,wriezen,wright,wright,wright city,wrightsboro,wrightstown,wrightsville,wrightsville,wrightsville,wrightsville beach,wrightwood,wrington,wrist,writtle,wroclaw,wronki,wroughton,wroxall,wrzesnia,wschowa,wubao,wuchang,wucheng,wuchuan,wuda,wudil,wuelflingen (kreis 6),wuelflingen (kreis 6) / haerti,wuelflingen (kreis 6) / lindenplatz,wuelflingen (kreis 6) / oberfeld,wuerzburg,wuhai,wuhan,wuhu,wukari,wulan,wulfrath,wulften,wulsbuttel,wum,wundanyi,wunnenberg,wunschendorf,wunsiedel,wunstorf,wuppertal,wurenlingen,wurenlos,wurmannsquick,wurmberg,wurmlingen,wurno,wurselen,wurzbach,wurzen,wusong,wustenrot,wusterhausen,wustermark,wusterwitz,wustrow,wutoschingen,wuustwezel,wuxi,wuxi,wuxue,wuyang,wuyang,wuyo,wuyu,wuzhou,wyandanch,wyandotte,wyckoff,wydminy,wye,wyhl,wyk auf fohr,wyldwood,wylie,wymondham,wynantskill,wyncote,wyndham,wyndmoor,wynigen,wynne,wynnewood,wynnum,wynyard,wyoming,wyoming,wyoming,wyoming,wyomissing,wyomissing hills,wyry,wyrzysk,wysoka,wysoka,wysoka glogowska,wysoka strzyzowska,wysokie mazowieckie,wyszkow,wyszogrod,wytheville